Game, Start, End, Period, Team, Event, Phase, Offense System, Defense System, Assist, Offense Player Number, Offense Player Name, Offense Player Position, Defense Player Number, Defense Player Name, Defense Player Position, Shooter Position, Shot Location, Home Team, Visitor Team, Possession, Important, Game System
 BERABERA vs GRANOLLERS, 00:00:00, 00:00:00, T1, GRANOLLERS, FIRST_HALF_START, OFFENSE_POSITIONAL, EQUALITY, 6:0, , , , , , , , , , 01-A.DIVA, 15-M. ECHEVERRIA, 14-M.CAVO, 23-P.ARCOS, 18-E.KARSTEN, 42-C.POLONIO, 22-J. LOIDI, 01-N. WIGGINS, 06-O.VILA, 09-L.KOFLER, 14-O. VEGUE, 17-E.SOMAZA, 23-A.GONZALEZ, 22-P.MILAGROS, 1,false
BERABERA vs GRANOLLERS, 00:00:00, 00:00:36, T1, GRANOLLERS, FOUL_RECEIVE, OFFENSE_POSITIONAL, EQUALITY, 5:1, , 98, 98-M. CAPDEVILA, cb, 42, 42-C.POLONIO, lp, , , 01-A.DIVA, 15-M. ECHEVERRIA, 14-M.CAVO, 23-P.ARCOS, 18-E.KARSTEN, 42-C.POLONIO, 22-J. LOIDI, 01-N. WIGGINS, 17-E.SOMAZA, 23-A.GONZALEZ, 22-P.MILAGROS, 98-M. CAPDEVILA, 09-L.KOFLER, 14-O. VEGUE, 1,false
BERABERA vs GRANOLLERS, 00:00:36, 00:00:45, T1, GRANOLLERS, POST_OUT, OFFENSE_POSITIONAL, EQUALITY, 5:1, , 9, 09-L.KOFLER, lp, 1, 01-A.DIVA, gk, RIGHT_6M, 0, 01-A.DIVA, 15-M. ECHEVERRIA, 14-M.CAVO, 23-P.ARCOS, 18-E.KARSTEN, 42-C.POLONIO, 22-J. LOIDI, 01-N. WIGGINS, 17-E.SOMAZA, 23-A.GONZALEZ, 22-P.MILAGROS, 98-M. CAPDEVILA, 09-L.KOFLER, 14-O. VEGUE, 1,false
BERABERA vs GRANOLLERS, 00:00:45, 00:00:55, T1, BERABERA, LOST_BALL, FAST_BREAK, EQUALITY, 6:0, , 22, 22-J. LOIDI, lb, , , , , , 01-A.DIVA, 15-M. ECHEVERRIA, 14-M.CAVO, 23-P.ARCOS, 18-E.KARSTEN, 42-C.POLONIO, 22-J. LOIDI, 01-N. WIGGINS, 17-E.SOMAZA, 23-A.GONZALEZ, 22-P.MILAGROS, 98-M. CAPDEVILA, 09-L.KOFLER, 14-O. VEGUE, 1,false
BERABERA vs GRANOLLERS, 00:00:55, 00:01:24, T1, GRANOLLERS, FOUL_RECEIVE, OFFENSE_POSITIONAL, EQUALITY, 5:1, , 22, 22-P.MILAGROS, lb, 22, 22-J. LOIDI, lb, , , 01-A.DIVA, 15-M. ECHEVERRIA, 14-M.CAVO, 23-P.ARCOS, 18-E.KARSTEN, 42-C.POLONIO, 22-J. LOIDI, 01-N. WIGGINS, 17-E.SOMAZA, 23-A.GONZALEZ, 22-P.MILAGROS, 98-M. CAPDEVILA, 09-L.KOFLER, 14-O. VEGUE, 2,false
BERABERA vs GRANOLLERS, 00:01:24, 00:01:36, T1, GRANOLLERS, FOUL_RECEIVE, OFFENSE_POSITIONAL, EQUALITY, 5:1, , 9, 09-L.KOFLER, lp, 23, 23-P.ARCOS, lb, , , 01-A.DIVA, 15-M. ECHEVERRIA, 14-M.CAVO, 23-P.ARCOS, 18-E.KARSTEN, 42-C.POLONIO, 22-J. LOIDI, 01-N. WIGGINS, 17-E.SOMAZA, 23-A.GONZALEZ, 22-P.MILAGROS, 98-M. CAPDEVILA, 09-L.KOFLER, 14-O. VEGUE, 2,false
BERABERA vs GRANOLLERS, 00:01:36, 00:01:54, T1, GRANOLLERS, GOAL, OFFENSE_POSITIONAL, EQUALITY, 5:1, , 23, 23-A.GONZALEZ, rw, 1, 01-A.DIVA, gk, RIGHT_WING, 4, 01-A.DIVA, 15-M. ECHEVERRIA, 14-M.CAVO, 23-P.ARCOS, 18-E.KARSTEN, 42-C.POLONIO, 22-J. LOIDI, 01-N. WIGGINS, 17-E.SOMAZA, 23-A.GONZALEZ, 22-P.MILAGROS, 98-M. CAPDEVILA, 09-L.KOFLER, 14-O. VEGUE, 2,false
BERABERA vs GRANOLLERS, 00:01:54, 00:02:11, T1, BERABERA, 7M_PROVOKE, COUNTER_GOAL, EQUALITY, 6:0, , 14, 14-M.CAVO, rb, 17, 17-E.SOMAZA, lb, , , 01-A.DIVA, 15-M. ECHEVERRIA, 14-M.CAVO, 23-P.ARCOS, 18-E.KARSTEN, 42-C.POLONIO, 13-L.HERNANDEZ, 01-N. WIGGINS, 17-E.SOMAZA, 23-A.GONZALEZ, 22-P.MILAGROS, 98-M. CAPDEVILA, 09-L.KOFLER, 14-O. VEGUE, 2,false
BERABERA vs GRANOLLERS, 00:02:11, 00:02:22, T1, BERABERA, SAVE, OFFENSE_POSITIONAL, EQUALITY, 6:0, , 23, 23-P.ARCOS, lb, 16, 16-M. MERA, gk, 7_METERS, 4, 01-A.DIVA, 15-M. ECHEVERRIA, 14-M.CAVO, 23-P.ARCOS, 18-E.KARSTEN, 42-C.POLONIO, 13-L.HERNANDEZ, 17-E.SOMAZA, 23-A.GONZALEZ, 22-P.MILAGROS, 98-M. CAPDEVILA, 09-L.KOFLER, 14-O. VEGUE, 16-M. MERA, 2,false
BERABERA vs GRANOLLERS, 00:02:22, 00:02:51, T1, GRANOLLERS, LOST_BALL, OFFENSE_POSITIONAL, EQUALITY, 5:1, , 98, 98-M. CAPDEVILA, cb, , , , , , 01-A.DIVA, 15-M. ECHEVERRIA, 14-M.CAVO, 23-P.ARCOS, 18-E.KARSTEN, 42-C.POLONIO, 13-L.HERNANDEZ, 17-E.SOMAZA, 23-A.GONZALEZ, 22-P.MILAGROS, 98-M. CAPDEVILA, 09-L.KOFLER, 14-O. VEGUE, 01-N. WIGGINS, 3,false
BERABERA vs GRANOLLERS, 00:02:51, 00:03:02, T1, BERABERA, SAVE, FAST_BREAK, EQUALITY, 6:0, , 14, 14-M.CAVO, rb, 1, 01-N. WIGGINS, gk, RIGHT_6M, 6, 01-A.DIVA, 15-M. ECHEVERRIA, 14-M.CAVO, 23-P.ARCOS, 18-E.KARSTEN, 42-C.POLONIO, 13-L.HERNANDEZ, 17-E.SOMAZA, 23-A.GONZALEZ, 22-P.MILAGROS, 98-M. CAPDEVILA, 09-L.KOFLER, 14-O. VEGUE, 01-N. WIGGINS, 3,false
BERABERA vs GRANOLLERS, 00:03:02, 00:03:07, T1, GRANOLLERS, GOAL, FAST_BREAK, EQUALITY, 5:1, , 14, 14-O. VEGUE, rb, 1, 01-A.DIVA, gk, LEFT_6M, 1, 01-A.DIVA, 15-M. ECHEVERRIA, 14-M.CAVO, 23-P.ARCOS, 18-E.KARSTEN, 42-C.POLONIO, 13-L.HERNANDEZ, 17-E.SOMAZA, 23-A.GONZALEZ, 22-P.MILAGROS, 98-M. CAPDEVILA, 09-L.KOFLER, 14-O. VEGUE, 01-N. WIGGINS, 4,false
BERABERA vs GRANOLLERS, 00:03:07, 00:03:37, T1, BERABERA, SAVE, OFFENSE_POSITIONAL, EQUALITY, 6:0, , 18, 18-E.KARSTEN, rb, 1, 01-N. WIGGINS, gk, RIGHT_6M, 9, 01-A.DIVA, 15-M. ECHEVERRIA, 14-M.CAVO, 23-P.ARCOS, 18-E.KARSTEN, 42-C.POLONIO, 13-L.HERNANDEZ, 17-E.SOMAZA, 23-A.GONZALEZ, 22-P.MILAGROS, 98-M. CAPDEVILA, 09-L.KOFLER, 14-O. VEGUE, 01-N. WIGGINS, 4,false
BERABERA vs GRANOLLERS, 00:03:37, 00:04:15, T1, GRANOLLERS, POST_OUT, OFFENSE_POSITIONAL, EQUALITY, 5:1, , 14, 14-O. VEGUE, rb, 1, 01-A.DIVA, gk, LEFT_WING, 10, 01-A.DIVA, 15-M. ECHEVERRIA, 14-M.CAVO, 23-P.ARCOS, 18-E.KARSTEN, 42-C.POLONIO, 22-J. LOIDI, 17-E.SOMAZA, 23-A.GONZALEZ, 22-P.MILAGROS, 98-M. CAPDEVILA, 09-L.KOFLER, 14-O. VEGUE, 01-N. WIGGINS, 5,false
BERABERA vs GRANOLLERS, 00:04:15, 00:04:31, T1, BERABERA, GOAL, FAST_BREAK, EQUALITY, 6:0, , 13, 13-L.HERNANDEZ, lb, 1, 01-N. WIGGINS, gk, LEFT_WING, 3, 01-A.DIVA, 15-M. ECHEVERRIA, 14-M.CAVO, 23-P.ARCOS, 18-E.KARSTEN, 42-C.POLONIO, 13-L.HERNANDEZ, 17-E.SOMAZA, 23-A.GONZALEZ, 22-P.MILAGROS, 98-M. CAPDEVILA, 09-L.KOFLER, 14-O. VEGUE, 01-N. WIGGINS, 5,false
BERABERA vs GRANOLLERS, 00:04:31, 00:04:53, T1, GRANOLLERS, LOST_BALL, OFFENSE_POSITIONAL, EQUALITY, 5:1, , 9, 09-L.KOFLER, lp, , , , , , 01-A.DIVA, 15-M. ECHEVERRIA, 14-M.CAVO, 23-P.ARCOS, 18-E.KARSTEN, 42-C.POLONIO, 22-J. LOIDI, 17-E.SOMAZA, 23-A.GONZALEZ, 22-P.MILAGROS, 98-M. CAPDEVILA, 09-L.KOFLER, 14-O. VEGUE, 01-N. WIGGINS, 6,false
BERABERA vs GRANOLLERS, 00:04:53, 00:05:05, T1, BERABERA, FOUL_RECEIVE, FAST_BREAK, EQUALITY, 6:0, , 14, 14-M.CAVO, rb, 17, 17-E.SOMAZA, lb, , , 01-A.DIVA, 15-M. ECHEVERRIA, 14-M.CAVO, 23-P.ARCOS, 18-E.KARSTEN, 42-C.POLONIO, 22-J. LOIDI, 17-E.SOMAZA, 23-A.GONZALEZ, 22-P.MILAGROS, 98-M. CAPDEVILA, 09-L.KOFLER, 14-O. VEGUE, 01-N. WIGGINS, 6,false
BERABERA vs GRANOLLERS, 00:05:05, 00:05:25, T1, BERABERA, SAVE, OFFENSE_POSITIONAL, EQUALITY, 6:0, , 23, 23-P.ARCOS, lb, 1, 01-N. WIGGINS, gk, LEFT_6M, 3, 01-A.DIVA, 15-M. ECHEVERRIA, 14-M.CAVO, 23-P.ARCOS, 18-E.KARSTEN, 42-C.POLONIO, 13-L.HERNANDEZ, 17-E.SOMAZA, 23-A.GONZALEZ, 22-P.MILAGROS, 98-M. CAPDEVILA, 09-L.KOFLER, 14-O. VEGUE, 01-N. WIGGINS, 6,false
BERABERA vs GRANOLLERS, 00:05:25, 00:05:54, T1, GRANOLLERS, LOST_BALL, OFFENSE_POSITIONAL, EQUALITY, 5:1, , 17, 17-E.SOMAZA, lb, , , , , , 01-A.DIVA, 15-M. ECHEVERRIA, 14-M.CAVO, 23-P.ARCOS, 18-E.KARSTEN, 42-C.POLONIO, 22-J. LOIDI, 17-E.SOMAZA, 23-A.GONZALEZ, 22-P.MILAGROS, 98-M. CAPDEVILA, 09-L.KOFLER, 14-O. VEGUE, 01-N. WIGGINS, 7,false
BERABERA vs GRANOLLERS, 00:05:54, 00:06:06, T1, BERABERA, LOST_BALL, FAST_BREAK, EQUALITY, 6:0, , 23, 23-P.ARCOS, lb, , , , , , 01-A.DIVA, 15-M. ECHEVERRIA, 14-M.CAVO, 23-P.ARCOS, 18-E.KARSTEN, 42-C.POLONIO, 22-J. LOIDI, 17-E.SOMAZA, 23-A.GONZALEZ, 22-P.MILAGROS, 98-M. CAPDEVILA, 09-L.KOFLER, 14-O. VEGUE, 01-N. WIGGINS, 7,false
BERABERA vs GRANOLLERS, 00:06:06, 00:06:34, T1, GRANOLLERS, SAVE, OFFENSE_POSITIONAL, EQUALITY, 6:0, , 17, 17-E.SOMAZA, lb, 1, 01-A.DIVA, gk, LEFT_6M, 8, 01-A.DIVA, 15-M. ECHEVERRIA, 14-M.CAVO, 23-P.ARCOS, 18-E.KARSTEN, 42-C.POLONIO, 22-J. LOIDI, 17-E.SOMAZA, 23-A.GONZALEZ, 22-P.MILAGROS, 98-M. CAPDEVILA, 09-L.KOFLER, 14-O. VEGUE, 01-N. WIGGINS, 8,false
BERABERA vs GRANOLLERS, 00:06:34, 00:06:42, T1, BERABERA, LOST_BALL, FAST_BREAK, EQUALITY, 6:0, , 15, 15-M. ECHEVERRIA, rw, , , , , , 01-A.DIVA, 15-M. ECHEVERRIA, 14-M.CAVO, 23-P.ARCOS, 18-E.KARSTEN, 42-C.POLONIO, 22-J. LOIDI, 17-E.SOMAZA, 23-A.GONZALEZ, 22-P.MILAGROS, 98-M. CAPDEVILA, 09-L.KOFLER, 14-O. VEGUE, 01-N. WIGGINS, 8,false
BERABERA vs GRANOLLERS, 00:06:42, 00:07:11, T1, GRANOLLERS, FOUL_RECEIVE, OFFENSE_POSITIONAL, EQUALITY, 6:0, , 22, 22-P.MILAGROS, lb, 18, 18-E.KARSTEN, rb, , , 01-A.DIVA, 15-M. ECHEVERRIA, 14-M.CAVO, 23-P.ARCOS, 18-E.KARSTEN, 42-C.POLONIO, 22-J. LOIDI, 17-E.SOMAZA, 23-A.GONZALEZ, 22-P.MILAGROS, 98-M. CAPDEVILA, 09-L.KOFLER, 14-O. VEGUE, 01-N. WIGGINS, 9,false
BERABERA vs GRANOLLERS, 00:07:11, 00:07:37, T1, GRANOLLERS, 7M_PROVOKE_SUSPENSION, OFFENSE_POSITIONAL, EQUALITY, 6:0, , 9, 09-L.KOFLER, lp, 18, 18-E.KARSTEN, rb, , , 01-A.DIVA, 15-M. ECHEVERRIA, 14-M.CAVO, 23-P.ARCOS, 42-C.POLONIO, 22-J. LOIDI, 17-E.SOMAZA, 23-A.GONZALEZ, 22-P.MILAGROS, 98-M. CAPDEVILA, 09-L.KOFLER, 14-O. VEGUE, 01-N. WIGGINS, 9,false
BERABERA vs GRANOLLERS, 00:07:37, 00:07:37, T1, BERABERA, 2_MIN, OFFENSE_POSITIONAL, EQUALITY, 6:0, , 18, 18-E.KARSTEN, rb, , , , , , 01-A.DIVA, 15-M. ECHEVERRIA, 14-M.CAVO, 23-P.ARCOS, 42-C.POLONIO, 22-J. LOIDI, 17-E.SOMAZA, 23-A.GONZALEZ, 22-P.MILAGROS, 98-M. CAPDEVILA, 09-L.KOFLER, 14-O. VEGUE, 01-N. WIGGINS, 8,false
BERABERA vs GRANOLLERS, 00:07:37, 00:07:41, T1, GRANOLLERS, GOAL, OFFENSE_POSITIONAL, SUPERIORITY-6vs5, 6:0, , 14, 14-O. VEGUE, rb, 16, 16-M. AALLA, gk, 7_METERS, 9, 15-M. ECHEVERRIA, 14-M.CAVO, 23-P.ARCOS, 42-C.POLONIO, 22-J. LOIDI, 16-M. AALLA, 17-E.SOMAZA, 23-A.GONZALEZ, 22-P.MILAGROS, 98-M. CAPDEVILA, 09-L.KOFLER, 14-O. VEGUE, 01-N. WIGGINS, 9,false
BERABERA vs GRANOLLERS, 00:07:41, 00:08:09, T1, BERABERA, GOAL, OFFENSE_POSITIONAL, EQUALITY-5+1vs6, 6:0, , 23, 23-P.ARCOS, lb, 1, 01-N. WIGGINS, gk, RIGHT_6M, 1, 15-M. ECHEVERRIA, 14-M.CAVO, 23-P.ARCOS, 42-C.POLONIO, 22-J. LOIDI, 13-L.HERNANDEZ, 17-E.SOMAZA, 23-A.GONZALEZ, 22-P.MILAGROS, 98-M. CAPDEVILA, 09-L.KOFLER, 14-O. VEGUE, 01-N. WIGGINS, 9,false
BERABERA vs GRANOLLERS, 00:08:09, 00:08:23, T1, GRANOLLERS, GOAL, COUNTER_GOAL, SUPERIORITY-6vs5, 6:0, , 14, 14-O. VEGUE, rb, 1, 01-A.DIVA, gk, LEFT_6M, 9, 15-M. ECHEVERRIA, 14-M.CAVO, 23-P.ARCOS, 42-C.POLONIO, 22-J. LOIDI, 01-A.DIVA, 17-E.SOMAZA, 23-A.GONZALEZ, 22-P.MILAGROS, 98-M. CAPDEVILA, 09-L.KOFLER, 14-O. VEGUE, 01-N. WIGGINS, 10,false
BERABERA vs GRANOLLERS, 00:08:23, 00:08:47, T1, BERABERA, FOUL_RECEIVE, OFFENSE_POSITIONAL, EQUALITY-5+1vs6, 6:0, , 14, 14-M.CAVO, rb, 9, 09-L.KOFLER, lp, , , 15-M. ECHEVERRIA, 14-M.CAVO, 23-P.ARCOS, 42-C.POLONIO, 04-M. FERNANDES, 13-L.HERNANDEZ, 17-E.SOMAZA, 23-A.GONZALEZ, 22-P.MILAGROS, 98-M. CAPDEVILA, 09-L.KOFLER, 14-O. VEGUE, 01-N. WIGGINS, 10,false
BERABERA vs GRANOLLERS, 00:08:47, 00:09:02, T1, BERABERA, FOUL_RECEIVE, OFFENSE_POSITIONAL, EQUALITY-5+1vs6, 6:0, , 4, 04-M. FERNANDES, lb, 23, 23-A.GONZALEZ, rw, , , 15-M. ECHEVERRIA, 14-M.CAVO, 23-P.ARCOS, 42-C.POLONIO, 04-M. FERNANDES, 13-L.HERNANDEZ, 17-E.SOMAZA, 23-A.GONZALEZ, 22-P.MILAGROS, 98-M. CAPDEVILA, 09-L.KOFLER, 14-O. VEGUE, 01-N. WIGGINS, 10,false
BERABERA vs GRANOLLERS, 00:09:02, 00:09:21, T1, BERABERA, FOUL_RECEIVE, OFFENSE_POSITIONAL, EQUALITY-5+1vs6, 6:0, , 14, 14-M.CAVO, rb, 98, 98-M. CAPDEVILA, cb, , , 15-M. ECHEVERRIA, 14-M.CAVO, 23-P.ARCOS, 42-C.POLONIO, 04-M. FERNANDES, 13-L.HERNANDEZ, 17-E.SOMAZA, 23-A.GONZALEZ, 22-P.MILAGROS, 98-M. CAPDEVILA, 09-L.KOFLER, 14-O. VEGUE, 01-N. WIGGINS, 10,false
BERABERA vs GRANOLLERS, 00:09:21, 00:09:47, T1, BERABERA, GOAL, OFFENSE_POSITIONAL, EQUALITY-5+1vs6, 6:0, , 4, 04-M. FERNANDES, lb, 1, 01-N. WIGGINS, gk, LEFT_9M, 7, 15-M. ECHEVERRIA, 14-M.CAVO, 23-P.ARCOS, 42-C.POLONIO, 04-M. FERNANDES, 13-L.HERNANDEZ, 17-E.SOMAZA, 23-A.GONZALEZ, 22-P.MILAGROS, 98-M. CAPDEVILA, 09-L.KOFLER, 14-O. VEGUE, 01-N. WIGGINS, 10,false
BERABERA vs GRANOLLERS, 00:09:47, 00:10:06, T1, GRANOLLERS, SAVE, OFFENSE_POSITIONAL, EQUALITY, 5:1, , 23, 23-A.GONZALEZ, rw, 1, 01-A.DIVA, gk, RIGHT_WING, 1, 15-M. ECHEVERRIA, 14-M.CAVO, 23-P.ARCOS, 42-C.POLONIO, 13-L.HERNANDEZ, 01-A.DIVA, 22-J. LOIDI, 17-E.SOMAZA, 23-A.GONZALEZ, 22-P.MILAGROS, 98-M. CAPDEVILA, 09-L.KOFLER, 14-O. VEGUE, 01-N. WIGGINS, 11,false
BERABERA vs GRANOLLERS, 00:10:06, 00:10:38, T1, BERABERA, GOAL, OFFENSE_POSITIONAL, EQUALITY, 6:0, , 15, 15-M. ECHEVERRIA, rw, 1, 01-N. WIGGINS, gk, CENTER_6M, 8, 15-M. ECHEVERRIA, 14-M.CAVO, 42-C.POLONIO, 13-L.HERNANDEZ, 01-A.DIVA, 03-E. ARROJERIA, 04-M. FERNANDES, 17-E.SOMAZA, 23-A.GONZALEZ, 22-P.MILAGROS, 98-M. CAPDEVILA, 09-L.KOFLER, 14-O. VEGUE, 01-N. WIGGINS, 11,false
BERABERA vs GRANOLLERS, 00:10:38, 00:11:12, T1, GRANOLLERS, GOAL, OFFENSE_POSITIONAL, EQUALITY, 5:1, , 22, 22-P.MILAGROS, lb, 1, 01-A.DIVA, gk, LEFT_6M, 2, 15-M. ECHEVERRIA, 14-M.CAVO, 42-C.POLONIO, 13-L.HERNANDEZ, 01-A.DIVA, 03-E. ARROJERIA, 22-J. LOIDI, 17-E.SOMAZA, 23-A.GONZALEZ, 22-P.MILAGROS, 98-M. CAPDEVILA, 09-L.KOFLER, 14-O. VEGUE, 01-N. WIGGINS, 12,false
BERABERA vs GRANOLLERS, 00:11:12, 00:11:40, T1, BERABERA, FOUL_RECEIVE, OFFENSE_POSITIONAL, EQUALITY, 6:0, , 15, 15-M. ECHEVERRIA, rw, 9, 09-L.KOFLER, lp, , , 15-M. ECHEVERRIA, 14-M.CAVO, 42-C.POLONIO, 13-L.HERNANDEZ, 01-A.DIVA, 03-E. ARROJERIA, 04-M. FERNANDES, 17-E.SOMAZA, 23-A.GONZALEZ, 22-P.MILAGROS, 98-M. CAPDEVILA, 09-L.KOFLER, 14-O. VEGUE, 01-N. WIGGINS, 12,false
BERABERA vs GRANOLLERS, 00:11:40, 00:12:02, T1, BERABERA, FOUL_RECEIVE, OFFENSE_POSITIONAL, EQUALITY, 6:0, , 4, 04-M. FERNANDES, lb, 22, 22-P.MILAGROS, lb, , , 15-M. ECHEVERRIA, 14-M.CAVO, 42-C.POLONIO, 13-L.HERNANDEZ, 01-A.DIVA, 03-E. ARROJERIA, 04-M. FERNANDES, 17-E.SOMAZA, 23-A.GONZALEZ, 22-P.MILAGROS, 09-L.KOFLER, 14-O. VEGUE, 01-N. WIGGINS, 28-J.CASTAÑERA, 12,false
BERABERA vs GRANOLLERS, 00:12:02, 00:12:13, T1, BERABERA, SAVE, OFFENSE_POSITIONAL, EQUALITY, 6:0, , 42, 42-C.POLONIO, lp, 1, 01-N. WIGGINS, gk, CENTER_6M, 2, 15-M. ECHEVERRIA, 14-M.CAVO, 42-C.POLONIO, 13-L.HERNANDEZ, 01-A.DIVA, 03-E. ARROJERIA, 04-M. FERNANDES, 17-E.SOMAZA, 23-A.GONZALEZ, 22-P.MILAGROS, 09-L.KOFLER, 14-O. VEGUE, 01-N. WIGGINS, 28-J.CASTAÑERA, 12,false
BERABERA vs GRANOLLERS, 00:12:13, 00:12:38, T1, GRANOLLERS, FOUL_RECEIVE, OFFENSE_POSITIONAL, EQUALITY, 5:1, , 14, 14-O. VEGUE, rb, 14, 14-M.CAVO, rb, , , 15-M. ECHEVERRIA, 14-M.CAVO, 42-C.POLONIO, 13-L.HERNANDEZ, 01-A.DIVA, 03-E. ARROJERIA, 22-J. LOIDI, 17-E.SOMAZA, 23-A.GONZALEZ, 22-P.MILAGROS, 14-O. VEGUE, 01-N. WIGGINS, 98-M. CAPDEVILA, 28-J.CASTAÑERA, 13,false
BERABERA vs GRANOLLERS, 00:12:38, 00:12:46, T1, GRANOLLERS, POST_OUT, OFFENSE_POSITIONAL, EQUALITY, 5:1, , 28, 28-J.CASTAÑERA, lb, 1, 01-A.DIVA, gk, RIGHT_6M, 0, 15-M. ECHEVERRIA, 14-M.CAVO, 42-C.POLONIO, 13-L.HERNANDEZ, 01-A.DIVA, 03-E. ARROJERIA, 22-J. LOIDI, 17-E.SOMAZA, 23-A.GONZALEZ, 22-P.MILAGROS, 14-O. VEGUE, 01-N. WIGGINS, 98-M. CAPDEVILA, 28-J.CASTAÑERA, 13,false
BERABERA vs GRANOLLERS, 00:12:46, 00:13:20, T1, BERABERA, GOAL, OFFENSE_POSITIONAL, EQUALITY, 6:0, , 14, 14-M.CAVO, rb, 1, 01-N. WIGGINS, gk, RIGHT_6M, 4, 15-M. ECHEVERRIA, 14-M.CAVO, 42-C.POLONIO, 13-L.HERNANDEZ, 01-A.DIVA, 03-E. ARROJERIA, 04-M. FERNANDES, 17-E.SOMAZA, 23-A.GONZALEZ, 22-P.MILAGROS, 14-O. VEGUE, 01-N. WIGGINS, 98-M. CAPDEVILA, 28-J.CASTAÑERA, 13,false
BERABERA vs GRANOLLERS, 00:13:20, 00:13:43, T1, GRANOLLERS, FOUL_RECEIVE, OFFENSE_POSITIONAL, EQUALITY, 5:1, , 98, 98-M. CAPDEVILA, cb, 15, 15-M. ECHEVERRIA, rw, , , 15-M. ECHEVERRIA, 14-M.CAVO, 42-C.POLONIO, 13-L.HERNANDEZ, 01-A.DIVA, 03-E. ARROJERIA, 22-J. LOIDI, 17-E.SOMAZA, 23-A.GONZALEZ, 22-P.MILAGROS, 14-O. VEGUE, 01-N. WIGGINS, 98-M. CAPDEVILA, 28-J.CASTAÑERA, 14,false
BERABERA vs GRANOLLERS, 00:13:43, 00:13:52, T1, GRANOLLERS, SAVE, OFFENSE_POSITIONAL, EQUALITY, 5:1, , 28, 28-J.CASTAÑERA, lb, 1, 01-A.DIVA, gk, RIGHT_6M, 6, 15-M. ECHEVERRIA, 14-M.CAVO, 42-C.POLONIO, 13-L.HERNANDEZ, 01-A.DIVA, 03-E. ARROJERIA, 22-J. LOIDI, 17-E.SOMAZA, 23-A.GONZALEZ, 22-P.MILAGROS, 14-O. VEGUE, 01-N. WIGGINS, 98-M. CAPDEVILA, 28-J.CASTAÑERA, 14,false
BERABERA vs GRANOLLERS, 00:13:52, 00:14:04, T1, BERABERA, GOAL, FAST_BREAK, EQUALITY, 6:0, , 15, 15-M. ECHEVERRIA, rw, 1, 01-N. WIGGINS, gk, RIGHT_6M, 1, 15-M. ECHEVERRIA, 14-M.CAVO, 42-C.POLONIO, 13-L.HERNANDEZ, 01-A.DIVA, 03-E. ARROJERIA, 22-J. LOIDI, 17-E.SOMAZA, 23-A.GONZALEZ, 22-P.MILAGROS, 14-O. VEGUE, 01-N. WIGGINS, 98-M. CAPDEVILA, 28-J.CASTAÑERA, 14,false
BERABERA vs GRANOLLERS, 00:14:04, 00:14:48, T1, GRANOLLERS, FOUL_RECEIVE, OFFENSE_POSITIONAL, EQUALITY, 5:1, , 98, 98-M. CAPDEVILA, cb, 15, 15-M. ECHEVERRIA, rw, , , 15-M. ECHEVERRIA, 14-M.CAVO, 42-C.POLONIO, 13-L.HERNANDEZ, 01-A.DIVA, 03-E. ARROJERIA, 22-J. LOIDI, 17-E.SOMAZA, 23-A.GONZALEZ, 22-P.MILAGROS, 14-O. VEGUE, 01-N. WIGGINS, 98-M. CAPDEVILA, 13-M.BRASIL, 15,false
BERABERA vs GRANOLLERS, 00:14:48, 00:15:19, T1, GRANOLLERS, SAVE, OFFENSE_POSITIONAL, EQUALITY, 5:1, , 13, 13-M.BRASIL, lb, 1, 01-A.DIVA, gk, LEFT_9M, 2, 15-M. ECHEVERRIA, 14-M.CAVO, 42-C.POLONIO, 13-L.HERNANDEZ, 01-A.DIVA, 03-E. ARROJERIA, 22-J. LOIDI, 17-E.SOMAZA, 23-A.GONZALEZ, 22-P.MILAGROS, 14-O. VEGUE, 01-N. WIGGINS, 98-M. CAPDEVILA, 13-M.BRASIL, 15,false
BERABERA vs GRANOLLERS, 00:15:19, 00:15:29, T1, BERABERA, LOST_BALL, OFFENSE_POSITIONAL, EQUALITY, 6:0, , 3, 03-E. ARROJERIA, cb, , , , , , 15-M. ECHEVERRIA, 14-M.CAVO, 42-C.POLONIO, 13-L.HERNANDEZ, 01-A.DIVA, 03-E. ARROJERIA, 04-M. FERNANDES, 17-E.SOMAZA, 23-A.GONZALEZ, 22-P.MILAGROS, 14-O. VEGUE, 01-N. WIGGINS, 98-M. CAPDEVILA, 13-M.BRASIL, 15,false
BERABERA vs GRANOLLERS, 00:15:29, 00:15:56, T1, GRANOLLERS, LOST_BALL, OFFENSE_POSITIONAL, EQUALITY, 5:1, , 13, 13-M.BRASIL, lb, , , , , , 15-M. ECHEVERRIA, 14-M.CAVO, 42-C.POLONIO, 13-L.HERNANDEZ, 01-A.DIVA, 03-E. ARROJERIA, 04-M. FERNANDES, 17-E.SOMAZA, 23-A.GONZALEZ, 22-P.MILAGROS, 14-O. VEGUE, 01-N. WIGGINS, 98-M. CAPDEVILA, 13-M.BRASIL, 16,false
BERABERA vs GRANOLLERS, 00:15:56, 00:16:01, T1, BERABERA, GOAL, FAST_BREAK, EQUALITY, 6:0, , 42, 42-C.POLONIO, lp, 1, 01-N. WIGGINS, gk, CENTER_6M, 1, 15-M. ECHEVERRIA, 14-M.CAVO, 42-C.POLONIO, 13-L.HERNANDEZ, 01-A.DIVA, 03-E. ARROJERIA, 04-M. FERNANDES, 17-E.SOMAZA, 23-A.GONZALEZ, 22-P.MILAGROS, 14-O. VEGUE, 01-N. WIGGINS, 98-M. CAPDEVILA, 13-M.BRASIL, 16,false
BERABERA vs GRANOLLERS, 00:16:01, 00:16:25, T1, GRANOLLERS, LOST_BALL, OFFENSE_POSITIONAL, EQUALITY, 5:1, , 13, 13-M.BRASIL, lb, , , , , , 15-M. ECHEVERRIA, 14-M.CAVO, 42-C.POLONIO, 13-L.HERNANDEZ, 01-A.DIVA, 03-E. ARROJERIA, 04-M. FERNANDES, 17-E.SOMAZA, 23-A.GONZALEZ, 22-P.MILAGROS, 14-O. VEGUE, 01-N. WIGGINS, 98-M. CAPDEVILA, 13-M.BRASIL, 17,false
BERABERA vs GRANOLLERS, 00:16:25, 00:17:08, T1, BERABERA, SAVE, OFFENSE_POSITIONAL, EQUALITY, 6:0, , 4, 04-M. FERNANDES, lb, 1, 01-N. WIGGINS, gk, CENTER_6M, 3, 13-L.HERNANDEZ, 01-A.DIVA, 03-E. ARROJERIA, 04-M. FERNANDES, 23-P.ARCOS, 25-A.ERAUSKIN, 31-S.GAVILAN, 17-E.SOMAZA, 23-A.GONZALEZ, 22-P.MILAGROS, 14-O. VEGUE, 01-N. WIGGINS, 98-M. CAPDEVILA, 13-M.BRASIL, 17,false
BERABERA vs GRANOLLERS, 00:17:08, 00:17:36, T1, GRANOLLERS, GOAL, OFFENSE_POSITIONAL, EQUALITY, 5:1, , 13, 13-M.BRASIL, lb, 1, 01-A.DIVA, gk, RIGHT_6M, 3, 01-A.DIVA, 03-E. ARROJERIA, 04-M. FERNANDES, 23-P.ARCOS, 25-A.ERAUSKIN, 31-S.GAVILAN, 06-M.LOUIS, 17-E.SOMAZA, 23-A.GONZALEZ, 22-P.MILAGROS, 14-O. VEGUE, 01-N. WIGGINS, 98-M. CAPDEVILA, 13-M.BRASIL, 18,false
BERABERA vs GRANOLLERS, 00:17:36, 00:17:52, T1, BERABERA, GOAL, OFFENSE_POSITIONAL, EQUALITY, 6:0, , 4, 04-M. FERNANDES, lb, 1, 01-N. WIGGINS, gk, CENTER_6M, 1, 01-A.DIVA, 03-E. ARROJERIA, 04-M. FERNANDES, 23-P.ARCOS, 25-A.ERAUSKIN, 31-S.GAVILAN, 06-M.LOUIS, 17-E.SOMAZA, 23-A.GONZALEZ, 22-P.MILAGROS, 14-O. VEGUE, 01-N. WIGGINS, 98-M. CAPDEVILA, 13-M.BRASIL, 18,false
BERABERA vs GRANOLLERS, 00:17:52, 00:18:23, T1, GRANOLLERS, FOUL_RECEIVE, OFFENSE_POSITIONAL, EQUALITY, 5:1, , 98, 98-M. CAPDEVILA, cb, 6, 06-M.LOUIS, lw, , , 01-A.DIVA, 03-E. ARROJERIA, 04-M. FERNANDES, 23-P.ARCOS, 25-A.ERAUSKIN, 06-M.LOUIS, 22-J. LOIDI, 17-E.SOMAZA, 23-A.GONZALEZ, 22-P.MILAGROS, 14-O. VEGUE, 01-N. WIGGINS, 98-M. CAPDEVILA, 13-M.BRASIL, 19,false
BERABERA vs GRANOLLERS, 00:18:23, 00:18:29, T1, GRANOLLERS, POST_OUT, OFFENSE_POSITIONAL, EQUALITY, 5:1, , 13, 13-M.BRASIL, lb, 1, 01-A.DIVA, gk, CENTER_9M, 0, 01-A.DIVA, 03-E. ARROJERIA, 04-M. FERNANDES, 23-P.ARCOS, 25-A.ERAUSKIN, 06-M.LOUIS, 22-J. LOIDI, 17-E.SOMAZA, 23-A.GONZALEZ, 22-P.MILAGROS, 14-O. VEGUE, 01-N. WIGGINS, 98-M. CAPDEVILA, 13-M.BRASIL, 19,false
BERABERA vs GRANOLLERS, 00:18:29, 00:18:38, T1, BERABERA, SAVE, FAST_BREAK, EQUALITY, 6:0, , 25, 25-A.ERAUSKIN, rw, 1, 01-N. WIGGINS, gk, RIGHT_6M, 1, 01-A.DIVA, 03-E. ARROJERIA, 04-M. FERNANDES, 23-P.ARCOS, 25-A.ERAUSKIN, 06-M.LOUIS, 22-J. LOIDI, 17-E.SOMAZA, 23-A.GONZALEZ, 22-P.MILAGROS, 14-O. VEGUE, 01-N. WIGGINS, 98-M. CAPDEVILA, 13-M.BRASIL, 19,false
BERABERA vs GRANOLLERS, 00:18:38, 00:19:12, T1, GRANOLLERS, FOUL_RECEIVE, OFFENSE_POSITIONAL, EQUALITY, 5:1, , 13, 13-M.BRASIL, lb, 3, 03-E. ARROJERIA, cb, , , 01-A.DIVA, 03-E. ARROJERIA, 04-M. FERNANDES, 23-P.ARCOS, 25-A.ERAUSKIN, 06-M.LOUIS, 22-J. LOIDI, 17-E.SOMAZA, 23-A.GONZALEZ, 22-P.MILAGROS, 14-O. VEGUE, 01-N. WIGGINS, 98-M. CAPDEVILA, 13-M.BRASIL, 20,false
BERABERA vs GRANOLLERS, 00:19:12, 00:19:37, T1, GRANOLLERS, SAVE, OFFENSE_POSITIONAL, EQUALITY, 5:1, , 17, 17-E.SOMAZA, lb, 1, 01-A.DIVA, gk, LEFT_9M, 4, 01-A.DIVA, 03-E. ARROJERIA, 04-M. FERNANDES, 23-P.ARCOS, 25-A.ERAUSKIN, 06-M.LOUIS, 22-J. LOIDI, 17-E.SOMAZA, 23-A.GONZALEZ, 22-P.MILAGROS, 14-O. VEGUE, 01-N. WIGGINS, 98-M. CAPDEVILA, 13-M.BRASIL, 20,false
BERABERA vs GRANOLLERS, 00:19:37, 00:19:53, T1, BERABERA, GOAL, OFFENSE_POSITIONAL, EQUALITY, 6:0, , 4, 04-M. FERNANDES, lb, 1, 01-N. WIGGINS, gk, LEFT_6M, 4, 01-A.DIVA, 03-E. ARROJERIA, 04-M. FERNANDES, 23-P.ARCOS, 25-A.ERAUSKIN, 06-M.LOUIS, 31-S.GAVILAN, 17-E.SOMAZA, 23-A.GONZALEZ, 22-P.MILAGROS, 14-O. VEGUE, 01-N. WIGGINS, 98-M. CAPDEVILA, 13-M.BRASIL, 20,false
BERABERA vs GRANOLLERS, 00:19:53, 00:20:15, T1, GRANOLLERS, FOUL_RECEIVE, OFFENSE_POSITIONAL, EQUALITY, 5:1, , 14, 14-O. VEGUE, rb, 3, 03-E. ARROJERIA, cb, , , 01-A.DIVA, 03-E. ARROJERIA, 04-M. FERNANDES, 23-P.ARCOS, 25-A.ERAUSKIN, 06-M.LOUIS, 22-J. LOIDI, 17-E.SOMAZA, 23-A.GONZALEZ, 22-P.MILAGROS, 14-O. VEGUE, 01-N. WIGGINS, 98-M. CAPDEVILA, 13-M.BRASIL, 21,false
BERABERA vs GRANOLLERS, 00:20:15, 00:20:27, T1, GRANOLLERS, SAVE, OFFENSE_POSITIONAL, EQUALITY, 5:1, , 22, 22-P.MILAGROS, lb, 1, 01-A.DIVA, gk, LEFT_6M, 1, 01-A.DIVA, 03-E. ARROJERIA, 04-M. FERNANDES, 23-P.ARCOS, 25-A.ERAUSKIN, 06-M.LOUIS, 22-J. LOIDI, 17-E.SOMAZA, 23-A.GONZALEZ, 22-P.MILAGROS, 14-O. VEGUE, 01-N. WIGGINS, 98-M. CAPDEVILA, 13-M.BRASIL, 21,false
BERABERA vs GRANOLLERS, 00:20:27, 00:20:45, T1, BERABERA, 7M_PROVOKE_SUSPENSION, FAST_BREAK, EQUALITY, 6:0, , 3, 03-E. ARROJERIA, cb, 28, 28-J.CASTAÑERA, lb, , , 01-A.DIVA, 03-E. ARROJERIA, 04-M. FERNANDES, 23-P.ARCOS, 25-A.ERAUSKIN, 06-M.LOUIS, 22-J. LOIDI, 17-E.SOMAZA, 23-A.GONZALEZ, 22-P.MILAGROS, 14-O. VEGUE, 01-N. WIGGINS, 13-M.BRASIL, 21,false
BERABERA vs GRANOLLERS, 00:20:45, 00:20:45, T1, GRANOLLERS, 2_MIN, FAST_BREAK, EQUALITY, 5:1, , 28, 28-J.CASTAÑERA, lb, , , , , , 01-A.DIVA, 03-E. ARROJERIA, 04-M. FERNANDES, 23-P.ARCOS, 25-A.ERAUSKIN, 06-M.LOUIS, 22-J. LOIDI, 17-E.SOMAZA, 23-A.GONZALEZ, 22-P.MILAGROS, 14-O. VEGUE, 01-N. WIGGINS, 13-M.BRASIL, 21,false
BERABERA vs GRANOLLERS, 00:20:45, 00:20:48, T1, BERABERA, GOAL, OFFENSE_POSITIONAL, SUPERIORITY-6vs5, 6:0, , 23, 23-P.ARCOS, lb, 16, 16-M. MERA, gk, 7_METERS, 3, 01-A.DIVA, 03-E. ARROJERIA, 04-M. FERNANDES, 23-P.ARCOS, 25-A.ERAUSKIN, 06-M.LOUIS, 22-J. LOIDI, 17-E.SOMAZA, 23-A.GONZALEZ, 22-P.MILAGROS, 14-O. VEGUE, 13-M.BRASIL, 16-M. MERA, 21,false
BERABERA vs GRANOLLERS, 00:20:48, 00:21:20, T1, GRANOLLERS, GOAL, OFFENSE_POSITIONAL, INFERIORITY-5vs6, 5:1, , 9, 09-L.KOFLER, lp, 1, 01-A.DIVA, gk, RIGHT_6M, 4, 01-A.DIVA, 03-E. ARROJERIA, 04-M. FERNANDES, 23-P.ARCOS, 25-A.ERAUSKIN, 06-M.LOUIS, 22-J. LOIDI, 17-E.SOMAZA, 23-A.GONZALEZ, 22-P.MILAGROS, 14-O. VEGUE, 16-M. MERA, 09-L.KOFLER, 22,false
BERABERA vs GRANOLLERS, 00:21:20, 00:21:41, T1, BERABERA, GOAL, OFFENSE_POSITIONAL, SUPERIORITY-6vs5, 6:0, , 31, 31-S.GAVILAN, lp, 1, 01-N. WIGGINS, gk, RIGHT_6M, 9, 01-A.DIVA, 03-E. ARROJERIA, 04-M. FERNANDES, 23-P.ARCOS, 25-A.ERAUSKIN, 06-M.LOUIS, 31-S.GAVILAN, 17-E.SOMAZA, 23-A.GONZALEZ, 22-P.MILAGROS, 14-O. VEGUE, 09-L.KOFLER, 01-N. WIGGINS, 22,false
BERABERA vs GRANOLLERS, 00:21:41, 00:22:13, T1, GRANOLLERS, FOUL_RECEIVE, OFFENSE_POSITIONAL, INFERIORITY-5vs6, 5:1, , 98, 98-M. CAPDEVILA, cb, 3, 03-E. ARROJERIA, cb, , , 01-A.DIVA, 03-E. ARROJERIA, 04-M. FERNANDES, 23-P.ARCOS, 25-A.ERAUSKIN, 06-M.LOUIS, 22-J. LOIDI, 17-E.SOMAZA, 23-A.GONZALEZ, 14-O. VEGUE, 09-L.KOFLER, 01-N. WIGGINS, 98-M. CAPDEVILA, 23,false
BERABERA vs GRANOLLERS, 00:22:13, 00:22:25, T1, GRANOLLERS, SAVE, OFFENSE_POSITIONAL, INFERIORITY-5vs6, 5:1, , 17, 17-E.SOMAZA, lb, 1, 01-A.DIVA, gk, CENTER_9M, 6, 01-A.DIVA, 03-E. ARROJERIA, 04-M. FERNANDES, 23-P.ARCOS, 25-A.ERAUSKIN, 06-M.LOUIS, 22-J. LOIDI, 17-E.SOMAZA, 23-A.GONZALEZ, 14-O. VEGUE, 09-L.KOFLER, 01-N. WIGGINS, 98-M. CAPDEVILA, 23,false
BERABERA vs GRANOLLERS, 00:22:25, 00:23:05, T1, BERABERA, SAVE, OFFENSE_POSITIONAL, EQUALITY, 6:0, , 31, 31-S.GAVILAN, lp, 1, 01-N. WIGGINS, gk, CENTER_6M, 6, 01-A.DIVA, 03-E. ARROJERIA, 04-M. FERNANDES, 23-P.ARCOS, 25-A.ERAUSKIN, 06-M.LOUIS, 31-S.GAVILAN, 17-E.SOMAZA, 23-A.GONZALEZ, 14-O. VEGUE, 09-L.KOFLER, 01-N. WIGGINS, 98-M. CAPDEVILA, 28-J.CASTAÑERA, 23,false
BERABERA vs GRANOLLERS, 00:23:05, 00:23:35, T1, GRANOLLERS, GOAL, OFFENSE_POSITIONAL, EQUALITY, 5:1, , 13, 13-M.BRASIL, lb, 1, 01-A.DIVA, gk, LEFT_6M, 4, 01-A.DIVA, 03-E. ARROJERIA, 04-M. FERNANDES, 23-P.ARCOS, 25-A.ERAUSKIN, 06-M.LOUIS, 31-S.GAVILAN, 23-A.GONZALEZ, 14-O. VEGUE, 09-L.KOFLER, 01-N. WIGGINS, 98-M. CAPDEVILA, 28-J.CASTAÑERA, 13-M.BRASIL, 24,false
BERABERA vs GRANOLLERS, 00:23:35, 00:23:48, T1, BERABERA, GOAL, COUNTER_GOAL, EQUALITY, 6:0, , 3, 03-E. ARROJERIA, cb, 1, 01-N. WIGGINS, gk, CENTER_6M, 4, 01-A.DIVA, 03-E. ARROJERIA, 04-M. FERNANDES, 23-P.ARCOS, 25-A.ERAUSKIN, 06-M.LOUIS, 31-S.GAVILAN, 23-A.GONZALEZ, 14-O. VEGUE, 09-L.KOFLER, 01-N. WIGGINS, 98-M. CAPDEVILA, 28-J.CASTAÑERA, 13-M.BRASIL, 24,false
BERABERA vs GRANOLLERS, 00:23:48, 00:24:03, T1, GRANOLLERS, FOUL_RECEIVE, OFFENSE_POSITIONAL, EQUALITY, 5:1, , 9, 09-L.KOFLER, lp, 3, 03-E. ARROJERIA, cb, , , 01-A.DIVA, 03-E. ARROJERIA, 04-M. FERNANDES, 23-P.ARCOS, 25-A.ERAUSKIN, 06-M.LOUIS, 31-S.GAVILAN, 23-A.GONZALEZ, 14-O. VEGUE, 09-L.KOFLER, 01-N. WIGGINS, 98-M. CAPDEVILA, 28-J.CASTAÑERA, 13-M.BRASIL, 25,false
BERABERA vs GRANOLLERS, 00:24:03, 00:24:13, T1, GRANOLLERS, GOAL, OFFENSE_POSITIONAL, EQUALITY, 5:1, , 22, 22-P.MILAGROS, lb, 1, 01-A.DIVA, gk, LEFT_6M, 1, 01-A.DIVA, 03-E. ARROJERIA, 04-M. FERNANDES, 23-P.ARCOS, 25-A.ERAUSKIN, 06-M.LOUIS, 31-S.GAVILAN, 23-A.GONZALEZ, 14-O. VEGUE, 09-L.KOFLER, 01-N. WIGGINS, 28-J.CASTAÑERA, 13-M.BRASIL, 22-P.MILAGROS, 25,false
BERABERA vs GRANOLLERS, 00:24:13, 00:24:22, T1, BERABERA, GOAL, COUNTER_GOAL, EQUALITY, 6:0, , 25, 25-A.ERAUSKIN, rw, 1, 01-N. WIGGINS, gk, RIGHT_WING, 7, 01-A.DIVA, 03-E. ARROJERIA, 04-M. FERNANDES, 23-P.ARCOS, 25-A.ERAUSKIN, 06-M.LOUIS, 31-S.GAVILAN, 23-A.GONZALEZ, 14-O. VEGUE, 09-L.KOFLER, 01-N. WIGGINS, 28-J.CASTAÑERA, 13-M.BRASIL, 22-P.MILAGROS, 25,false
BERABERA vs GRANOLLERS, 00:24:22, 00:25:17, T1, GRANOLLERS, FOUL_RECEIVE, OFFENSE_POSITIONAL, EQUALITY, 5:1, , 14, 14-O. VEGUE, rb, 6, 06-M.LOUIS, lw, , , 01-A.DIVA, 03-E. ARROJERIA, 04-M. FERNANDES, 23-P.ARCOS, 25-A.ERAUSKIN, 06-M.LOUIS, 31-S.GAVILAN, 23-A.GONZALEZ, 14-O. VEGUE, 09-L.KOFLER, 01-N. WIGGINS, 28-J.CASTAÑERA, 13-M.BRASIL, 22-P.MILAGROS, 26,false
BERABERA vs GRANOLLERS, 00:25:17, 00:25:29, T1, GRANOLLERS, LOST_BALL, OFFENSE_POSITIONAL, EQUALITY, 5:1, , 9, 09-L.KOFLER, lp, , , , , , 01-A.DIVA, 03-E. ARROJERIA, 04-M. FERNANDES, 23-P.ARCOS, 25-A.ERAUSKIN, 06-M.LOUIS, 31-S.GAVILAN, 23-A.GONZALEZ, 14-O. VEGUE, 09-L.KOFLER, 01-N. WIGGINS, 28-J.CASTAÑERA, 13-M.BRASIL, 22-P.MILAGROS, 26,false
BERABERA vs GRANOLLERS, 00:25:29, 00:25:59, T1, BERABERA, POST_OUT, OFFENSE_POSITIONAL, EQUALITY, 6:0, , 6, 06-M.LOUIS, lw, 1, 01-N. WIGGINS, gk, LEFT_WING, 10, 01-A.DIVA, 03-E. ARROJERIA, 04-M. FERNANDES, 23-P.ARCOS, 25-A.ERAUSKIN, 06-M.LOUIS, 31-S.GAVILAN, 23-A.GONZALEZ, 14-O. VEGUE, 09-L.KOFLER, 01-N. WIGGINS, 28-J.CASTAÑERA, 13-M.BRASIL, 22-P.MILAGROS, 26,false
BERABERA vs GRANOLLERS, 00:25:59, 00:26:31, T1, GRANOLLERS, FOUL_RECEIVE, OFFENSE_POSITIONAL, EQUALITY, 5:1, , 13, 13-M.BRASIL, lb, 3, 03-E. ARROJERIA, cb, , , 01-A.DIVA, 03-E. ARROJERIA, 04-M. FERNANDES, 23-P.ARCOS, 25-A.ERAUSKIN, 42-C.POLONIO, 22-J. LOIDI, 23-A.GONZALEZ, 14-O. VEGUE, 01-N. WIGGINS, 28-J.CASTAÑERA, 13-M.BRASIL, 22-P.MILAGROS, 98-M. CAPDEVILA, 27,false
BERABERA vs GRANOLLERS, 00:26:31, 00:26:41, T1, GRANOLLERS, GOAL, OFFENSE_POSITIONAL, EQUALITY, 5:1, , 13, 13-M.BRASIL, lb, 1, 01-A.DIVA, gk, CENTER_9M, 9, 01-A.DIVA, 03-E. ARROJERIA, 04-M. FERNANDES, 23-P.ARCOS, 25-A.ERAUSKIN, 42-C.POLONIO, 22-J. LOIDI, 23-A.GONZALEZ, 14-O. VEGUE, 01-N. WIGGINS, 28-J.CASTAÑERA, 13-M.BRASIL, 22-P.MILAGROS, 98-M. CAPDEVILA, 27,false
BERABERA vs GRANOLLERS, 00:26:41, 00:26:48, T1, BERABERA, GOAL, COUNTER_GOAL, EQUALITY, 6:0, , 3, 03-E. ARROJERIA, cb, 1, 01-N. WIGGINS, gk, LEFT_6M, 3, 01-A.DIVA, 03-E. ARROJERIA, 04-M. FERNANDES, 23-P.ARCOS, 25-A.ERAUSKIN, 42-C.POLONIO, 22-J. LOIDI, 23-A.GONZALEZ, 14-O. VEGUE, 01-N. WIGGINS, 28-J.CASTAÑERA, 13-M.BRASIL, 22-P.MILAGROS, 98-M. CAPDEVILA, 27,false
BERABERA vs GRANOLLERS, 00:26:48, 00:27:24, T1, GRANOLLERS, GOAL, OFFENSE_POSITIONAL, EQUALITY, 5:1, , 98, 98-M. CAPDEVILA, cb, 1, 01-A.DIVA, gk, CENTER_6M, 8, 01-A.DIVA, 03-E. ARROJERIA, 04-M. FERNANDES, 23-P.ARCOS, 25-A.ERAUSKIN, 42-C.POLONIO, 22-J. LOIDI, 23-A.GONZALEZ, 14-O. VEGUE, 01-N. WIGGINS, 28-J.CASTAÑERA, 13-M.BRASIL, 22-P.MILAGROS, 98-M. CAPDEVILA, 28,false
BERABERA vs GRANOLLERS, 00:27:24, 00:28:03, T1, BERABERA, FOUL_RECEIVE, OFFENSE_POSITIONAL, EQUALITY, 6:0, , 3, 03-E. ARROJERIA, cb, 23, 23-A.GONZALEZ, rw, , , 01-A.DIVA, 03-E. ARROJERIA, 04-M. FERNANDES, 23-P.ARCOS, 25-A.ERAUSKIN, 31-S.GAVILAN, 06-M.LOUIS, 23-A.GONZALEZ, 14-O. VEGUE, 01-N. WIGGINS, 28-J.CASTAÑERA, 13-M.BRASIL, 22-P.MILAGROS, 98-M. CAPDEVILA, 28,false
BERABERA vs GRANOLLERS, 00:28:03, 00:28:14, T1, BERABERA, GOAL, OFFENSE_POSITIONAL, EQUALITY, 6:0, , 25, 25-A.ERAUSKIN, rw, 1, 01-N. WIGGINS, gk, RIGHT_6M, 3, 01-A.DIVA, 03-E. ARROJERIA, 04-M. FERNANDES, 23-P.ARCOS, 25-A.ERAUSKIN, 31-S.GAVILAN, 06-M.LOUIS, 23-A.GONZALEZ, 14-O. VEGUE, 01-N. WIGGINS, 28-J.CASTAÑERA, 13-M.BRASIL, 22-P.MILAGROS, 98-M. CAPDEVILA, 28,false
BERABERA vs GRANOLLERS, 00:28:14, 00:28:45, T1, GRANOLLERS, 7M_PROVOKE, OFFENSE_POSITIONAL, EQUALITY, 6:0, , 98, 98-M. CAPDEVILA, cb, 22, 22-J. LOIDI, lb, , , 01-A.DIVA, 03-E. ARROJERIA, 04-M. FERNANDES, 23-P.ARCOS, 25-A.ERAUSKIN, 42-C.POLONIO, 22-J. LOIDI, 23-A.GONZALEZ, 14-O. VEGUE, 01-N. WIGGINS, 28-J.CASTAÑERA, 13-M.BRASIL, 22-P.MILAGROS, 98-M. CAPDEVILA, 29,false
BERABERA vs GRANOLLERS, 00:28:45, 00:29:14, T1, GRANOLLERS, POST_OUT, OFFENSE_POSITIONAL, EQUALITY, 6:0, , 14, 14-O. VEGUE, rb, 16, 16-M. AALLA, gk, 7_METERS, 0, 03-E. ARROJERIA, 04-M. FERNANDES, 23-P.ARCOS, 25-A.ERAUSKIN, 22-J. LOIDI, 16-M. AALLA, 06-M.LOUIS, 23-A.GONZALEZ, 14-O. VEGUE, 01-N. WIGGINS, 28-J.CASTAÑERA, 13-M.BRASIL, 22-P.MILAGROS, 98-M. CAPDEVILA, 29,false
BERABERA vs GRANOLLERS, 00:29:14, 00:29:55, T1, BERABERA, GOAL, OFFENSE_POSITIONAL, EQUALITY, 6:0, , 4, 04-M. FERNANDES, lb, 1, 01-N. WIGGINS, gk, LEFT_9M, 7, 03-E. ARROJERIA, 04-M. FERNANDES, 23-P.ARCOS, 25-A.ERAUSKIN, 22-J. LOIDI, 06-M.LOUIS, 01-A.DIVA, 23-A.GONZALEZ, 14-O. VEGUE, 01-N. WIGGINS, 28-J.CASTAÑERA, 13-M.BRASIL, 22-P.MILAGROS, 98-M. CAPDEVILA, 29,false
BERABERA vs GRANOLLERS, 00:29:55, 00:29:55, T1, BERABERA, FIRST_HALF_END, OFFENSE_POSITIONAL, EQUALITY, 6:0, , , , , , , , , , 03-E. ARROJERIA, 04-M. FERNANDES, 23-P.ARCOS, 25-A.ERAUSKIN, 22-J. LOIDI, 06-M.LOUIS, 01-A.DIVA, 23-A.GONZALEZ, 14-O. VEGUE, 01-N. WIGGINS, 28-J.CASTAÑERA, 13-M.BRASIL, 22-P.MILAGROS, 98-M. CAPDEVILA, 29,false
BERABERA vs GRANOLLERS, 00:29:55, 00:29:55, T2, BERABERA, SECOND_HALF_START, OFFENSE_POSITIONAL, EQUALITY, 6:0, , , , , , , , , , 03-E. ARROJERIA, 01-A.DIVA, 13-L.HERNANDEZ, 42-C.POLONIO, 15-M. ECHEVERRIA, 14-M.CAVO, 18-E.KARSTEN, 23-A.GONZALEZ, 14-O. VEGUE, 01-N. WIGGINS, 22-P.MILAGROS, 28-J.CASTAÑERA, 04-A.TOT, 09-L.KOFLER, 29,false
BERABERA vs GRANOLLERS, 00:29:55, 00:30:18, T2, BERABERA, LOST_BALL, OFFENSE_POSITIONAL, EQUALITY, 6:0, , 18, 18-E.KARSTEN, rb, , , , , , 03-E. ARROJERIA, 01-A.DIVA, 13-L.HERNANDEZ, 42-C.POLONIO, 15-M. ECHEVERRIA, 14-M.CAVO, 18-E.KARSTEN, 23-A.GONZALEZ, 14-O. VEGUE, 01-N. WIGGINS, 22-P.MILAGROS, 28-J.CASTAÑERA, 04-A.TOT, 09-L.KOFLER, 29,false
BERABERA vs GRANOLLERS, 00:30:18, 00:30:26, T2, GRANOLLERS, FOUL_RECEIVE, FAST_BREAK, EQUALITY, 6:0, , 23, 23-A.GONZALEZ, rw, 3, 03-E. ARROJERIA, cb, , , 03-E. ARROJERIA, 01-A.DIVA, 13-L.HERNANDEZ, 42-C.POLONIO, 15-M. ECHEVERRIA, 14-M.CAVO, 18-E.KARSTEN, 23-A.GONZALEZ, 14-O. VEGUE, 01-N. WIGGINS, 22-P.MILAGROS, 28-J.CASTAÑERA, 04-A.TOT, 09-L.KOFLER, 30,false
BERABERA vs GRANOLLERS, 00:30:26, 00:31:05, T2, GRANOLLERS, LOST_BALL, OFFENSE_POSITIONAL, EQUALITY, 6:0, , 98, 98-M. CAPDEVILA, cb, , , , , , 03-E. ARROJERIA, 01-A.DIVA, 13-L.HERNANDEZ, 42-C.POLONIO, 15-M. ECHEVERRIA, 14-M.CAVO, 18-E.KARSTEN, 23-A.GONZALEZ, 14-O. VEGUE, 01-N. WIGGINS, 22-P.MILAGROS, 04-A.TOT, 09-L.KOFLER, 98-M. CAPDEVILA, 30,false
BERABERA vs GRANOLLERS, 00:31:05, 00:31:32, T2, BERABERA, LOST_BALL, OFFENSE_POSITIONAL, EQUALITY, 6:0, , 14, 14-M.CAVO, rb, , , , , , 03-E. ARROJERIA, 01-A.DIVA, 13-L.HERNANDEZ, 42-C.POLONIO, 15-M. ECHEVERRIA, 14-M.CAVO, 18-E.KARSTEN, 23-A.GONZALEZ, 14-O. VEGUE, 01-N. WIGGINS, 22-P.MILAGROS, 04-A.TOT, 09-L.KOFLER, 98-M. CAPDEVILA, 30,false
BERABERA vs GRANOLLERS, 00:31:32, 00:31:42, T2, GRANOLLERS, LOST_BALL, FAST_BREAK, EQUALITY, 6:0, , 98, 98-M. CAPDEVILA, cb, , , , , , 03-E. ARROJERIA, 01-A.DIVA, 13-L.HERNANDEZ, 42-C.POLONIO, 15-M. ECHEVERRIA, 14-M.CAVO, 18-E.KARSTEN, 23-A.GONZALEZ, 14-O. VEGUE, 01-N. WIGGINS, 22-P.MILAGROS, 04-A.TOT, 09-L.KOFLER, 98-M. CAPDEVILA, 31,false
BERABERA vs GRANOLLERS, 00:31:42, 00:32:11, T2, BERABERA, GOAL, OFFENSE_POSITIONAL, EQUALITY, 6:0, , 18, 18-E.KARSTEN, rb, 1, 01-N. WIGGINS, gk, LEFT_9M, 2, 03-E. ARROJERIA, 01-A.DIVA, 13-L.HERNANDEZ, 42-C.POLONIO, 15-M. ECHEVERRIA, 14-M.CAVO, 18-E.KARSTEN, 23-A.GONZALEZ, 14-O. VEGUE, 01-N. WIGGINS, 22-P.MILAGROS, 04-A.TOT, 09-L.KOFLER, 98-M. CAPDEVILA, 31,false
BERABERA vs GRANOLLERS, 00:32:11, 00:32:19, T2, GRANOLLERS, LOST_BALL, COUNTER_GOAL, EQUALITY, 6:0, , 23, 23-A.GONZALEZ, rw, , , , , , 03-E. ARROJERIA, 01-A.DIVA, 13-L.HERNANDEZ, 42-C.POLONIO, 15-M. ECHEVERRIA, 18-E.KARSTEN, 22-J. LOIDI, 23-A.GONZALEZ, 14-O. VEGUE, 01-N. WIGGINS, 22-P.MILAGROS, 04-A.TOT, 09-L.KOFLER, 98-M. CAPDEVILA, 32,false
BERABERA vs GRANOLLERS, 00:32:19, 00:32:27, T2, BERABERA, GOAL, FAST_BREAK, EQUALITY, 6:0, , 18, 18-E.KARSTEN, rb, 1, 01-N. WIGGINS, gk, LEFT_6M, 9, 03-E. ARROJERIA, 01-A.DIVA, 13-L.HERNANDEZ, 42-C.POLONIO, 15-M. ECHEVERRIA, 18-E.KARSTEN, 22-J. LOIDI, 23-A.GONZALEZ, 14-O. VEGUE, 01-N. WIGGINS, 22-P.MILAGROS, 04-A.TOT, 09-L.KOFLER, 98-M. CAPDEVILA, 32,false
BERABERA vs GRANOLLERS, 00:32:27, 00:32:52, T2, GRANOLLERS, LOST_BALL, OFFENSE_POSITIONAL, EQUALITY, 6:0, , 9, 09-L.KOFLER, lp, , , , , , 03-E. ARROJERIA, 01-A.DIVA, 13-L.HERNANDEZ, 42-C.POLONIO, 15-M. ECHEVERRIA, 18-E.KARSTEN, 22-J. LOIDI, 23-A.GONZALEZ, 14-O. VEGUE, 01-N. WIGGINS, 22-P.MILAGROS, 04-A.TOT, 09-L.KOFLER, 98-M. CAPDEVILA, 33,false
BERABERA vs GRANOLLERS, 00:32:52, 00:33:00, T2, BERABERA, LOST_BALL, FAST_BREAK, EQUALITY, 6:0, , 15, 15-M. ECHEVERRIA, rw, , , , , , 03-E. ARROJERIA, 01-A.DIVA, 13-L.HERNANDEZ, 42-C.POLONIO, 15-M. ECHEVERRIA, 18-E.KARSTEN, 22-J. LOIDI, 23-A.GONZALEZ, 14-O. VEGUE, 01-N. WIGGINS, 22-P.MILAGROS, 04-A.TOT, 09-L.KOFLER, 98-M. CAPDEVILA, 33,false
BERABERA vs GRANOLLERS, 00:33:00, 00:33:26, T2, GRANOLLERS, GOAL, OFFENSE_POSITIONAL, EQUALITY, 6:0, , 98, 98-M. CAPDEVILA, cb, 1, 01-A.DIVA, gk, LEFT_6M, 1, 03-E. ARROJERIA, 01-A.DIVA, 13-L.HERNANDEZ, 42-C.POLONIO, 15-M. ECHEVERRIA, 18-E.KARSTEN, 22-J. LOIDI, 23-A.GONZALEZ, 14-O. VEGUE, 01-N. WIGGINS, 22-P.MILAGROS, 04-A.TOT, 09-L.KOFLER, 98-M. CAPDEVILA, 34,false
BERABERA vs GRANOLLERS, 00:33:26, 00:33:38, T2, BERABERA, FOUL_RECEIVE, OFFENSE_POSITIONAL, EQUALITY, 6:0, , 18, 18-E.KARSTEN, rb, 22, 22-P.MILAGROS, lb, , , 03-E. ARROJERIA, 01-A.DIVA, 13-L.HERNANDEZ, 42-C.POLONIO, 15-M. ECHEVERRIA, 18-E.KARSTEN, 14-M.CAVO, 23-A.GONZALEZ, 14-O. VEGUE, 01-N. WIGGINS, 22-P.MILAGROS, 04-A.TOT, 09-L.KOFLER, 98-M. CAPDEVILA, 34,false
BERABERA vs GRANOLLERS, 00:33:38, 00:34:02, T2, BERABERA, LOST_BALL, OFFENSE_POSITIONAL, EQUALITY, 6:0, , 15, 15-M. ECHEVERRIA, rw, , , , , , 03-E. ARROJERIA, 01-A.DIVA, 13-L.HERNANDEZ, 42-C.POLONIO, 15-M. ECHEVERRIA, 18-E.KARSTEN, 14-M.CAVO, 23-A.GONZALEZ, 14-O. VEGUE, 01-N. WIGGINS, 22-P.MILAGROS, 04-A.TOT, 09-L.KOFLER, 98-M. CAPDEVILA, 34,false
BERABERA vs GRANOLLERS, 00:34:02, 00:34:30, T2, GRANOLLERS, LOST_BALL, OFFENSE_POSITIONAL, EQUALITY, 5:1, , 14, 14-O. VEGUE, rb, , , , , , 03-E. ARROJERIA, 01-A.DIVA, 13-L.HERNANDEZ, 42-C.POLONIO, 15-M. ECHEVERRIA, 18-E.KARSTEN, 14-M.CAVO, 23-A.GONZALEZ, 14-O. VEGUE, 01-N. WIGGINS, 22-P.MILAGROS, 04-A.TOT, 09-L.KOFLER, 98-M. CAPDEVILA, 35,false
BERABERA vs GRANOLLERS, 00:34:30, 00:35:00, T2, BERABERA, FOUL_RECEIVE, OFFENSE_POSITIONAL, EQUALITY, 6:0, , 14, 14-M.CAVO, rb, 9, 09-L.KOFLER, lp, , , 03-E. ARROJERIA, 01-A.DIVA, 13-L.HERNANDEZ, 42-C.POLONIO, 15-M. ECHEVERRIA, 18-E.KARSTEN, 14-M.CAVO, 23-A.GONZALEZ, 14-O. VEGUE, 01-N. WIGGINS, 22-P.MILAGROS, 09-L.KOFLER, 98-M. CAPDEVILA, 28-J.CASTAÑERA, 35,false
BERABERA vs GRANOLLERS, 00:35:00, 00:35:17, T2, BERABERA, LOST_BALL, OFFENSE_POSITIONAL, EQUALITY, 6:0, , 3, 03-E. ARROJERIA, cb, , , , , , 03-E. ARROJERIA, 01-A.DIVA, 13-L.HERNANDEZ, 42-C.POLONIO, 15-M. ECHEVERRIA, 18-E.KARSTEN, 14-M.CAVO, 23-A.GONZALEZ, 14-O. VEGUE, 01-N. WIGGINS, 22-P.MILAGROS, 09-L.KOFLER, 98-M. CAPDEVILA, 28-J.CASTAÑERA, 35,false
BERABERA vs GRANOLLERS, 00:35:17, 00:35:26, T2, GRANOLLERS, GOAL, FAST_BREAK, EQUALITY, 5:1, , 22, 22-P.MILAGROS, lb, 1, 01-A.DIVA, gk, CENTER_6M, 1, 03-E. ARROJERIA, 01-A.DIVA, 13-L.HERNANDEZ, 42-C.POLONIO, 15-M. ECHEVERRIA, 18-E.KARSTEN, 14-M.CAVO, 23-A.GONZALEZ, 14-O. VEGUE, 01-N. WIGGINS, 22-P.MILAGROS, 09-L.KOFLER, 98-M. CAPDEVILA, 28-J.CASTAÑERA, 36,false
BERABERA vs GRANOLLERS, 00:35:26, 00:35:59, T2, BERABERA, GOAL, OFFENSE_POSITIONAL, EQUALITY, 6:0, , 13, 13-L.HERNANDEZ, lb, 1, 01-N. WIGGINS, gk, LEFT_WING, 7, 03-E. ARROJERIA, 01-A.DIVA, 13-L.HERNANDEZ, 42-C.POLONIO, 15-M. ECHEVERRIA, 18-E.KARSTEN, 14-M.CAVO, 23-A.GONZALEZ, 14-O. VEGUE, 01-N. WIGGINS, 22-P.MILAGROS, 09-L.KOFLER, 04-A.TOT, 28-J.CASTAÑERA, 36,false
BERABERA vs GRANOLLERS, 00:35:59, 00:36:30, T2, GRANOLLERS, FOUL_RECEIVE, OFFENSE_POSITIONAL, EQUALITY, 5:1, , 98, 98-M. CAPDEVILA, cb, 3, 03-E. ARROJERIA, cb, , , 03-E. ARROJERIA, 01-A.DIVA, 13-L.HERNANDEZ, 42-C.POLONIO, 15-M. ECHEVERRIA, 18-E.KARSTEN, 22-J. LOIDI, 23-A.GONZALEZ, 14-O. VEGUE, 22-P.MILAGROS, 09-L.KOFLER, 04-A.TOT, 16-M. MERA, 98-M. CAPDEVILA, 37,false
BERABERA vs GRANOLLERS, 00:36:30, 00:36:38, T2, GRANOLLERS, LOST_BALL, OFFENSE_POSITIONAL, EQUALITY, 5:1, , 98, 98-M. CAPDEVILA, cb, , , , , , 03-E. ARROJERIA, 01-A.DIVA, 13-L.HERNANDEZ, 42-C.POLONIO, 15-M. ECHEVERRIA, 18-E.KARSTEN, 22-J. LOIDI, 23-A.GONZALEZ, 14-O. VEGUE, 22-P.MILAGROS, 09-L.KOFLER, 04-A.TOT, 16-M. MERA, 98-M. CAPDEVILA, 37,false
BERABERA vs GRANOLLERS, 00:36:38, 00:36:51, T2, BERABERA, 2MIN_PROVOKE, OFFENSE_POSITIONAL, EQUALITY, 6:0, , 14, 14-M.CAVO, rb, 9, 09-L.KOFLER, lp, , , 03-E. ARROJERIA, 01-A.DIVA, 13-L.HERNANDEZ, 42-C.POLONIO, 15-M. ECHEVERRIA, 18-E.KARSTEN, 14-M.CAVO, 23-A.GONZALEZ, 14-O. VEGUE, 22-P.MILAGROS, 04-A.TOT, 16-M. MERA, 98-M. CAPDEVILA, 37,false
BERABERA vs GRANOLLERS, 00:36:51, 00:36:51, T2, GRANOLLERS, 2_MIN, OFFENSE_POSITIONAL, EQUALITY, 5:1, , 9, 09-L.KOFLER, lp, , , , , , 03-E. ARROJERIA, 01-A.DIVA, 13-L.HERNANDEZ, 42-C.POLONIO, 15-M. ECHEVERRIA, 18-E.KARSTEN, 14-M.CAVO, 23-A.GONZALEZ, 14-O. VEGUE, 22-P.MILAGROS, 04-A.TOT, 16-M. MERA, 98-M. CAPDEVILA, 37,false
BERABERA vs GRANOLLERS, 00:36:51, 00:37:05, T2, BERABERA, LOST_BALL, OFFENSE_POSITIONAL, SUPERIORITY-6vs5, 6:0, , 3, 03-E. ARROJERIA, cb, , , , , , 03-E. ARROJERIA, 01-A.DIVA, 13-L.HERNANDEZ, 42-C.POLONIO, 15-M. ECHEVERRIA, 18-E.KARSTEN, 14-M.CAVO, 23-A.GONZALEZ, 14-O. VEGUE, 22-P.MILAGROS, 04-A.TOT, 16-M. MERA, 98-M. CAPDEVILA, 37,false
BERABERA vs GRANOLLERS, 00:37:05, 00:37:34, T2, GRANOLLERS, LOST_BALL, OFFENSE_POSITIONAL, INFERIORITY-5vs6, 5:1, , 98, 98-M. CAPDEVILA, cb, , , , , , 03-E. ARROJERIA, 01-A.DIVA, 13-L.HERNANDEZ, 42-C.POLONIO, 15-M. ECHEVERRIA, 18-E.KARSTEN, 14-M.CAVO, 23-A.GONZALEZ, 14-O. VEGUE, 04-A.TOT, 16-M. MERA, 98-M. CAPDEVILA, 17-E.SOMAZA, 38,false
BERABERA vs GRANOLLERS, 00:37:34, 00:37:51, T2, BERABERA, GOAL, OFFENSE_POSITIONAL, SUPERIORITY-6vs5, 6:0, , 15, 15-M. ECHEVERRIA, rw, 16, 16-M. MERA, gk, LEFT_6M, 1, 03-E. ARROJERIA, 01-A.DIVA, 13-L.HERNANDEZ, 42-C.POLONIO, 15-M. ECHEVERRIA, 18-E.KARSTEN, 14-M.CAVO, 23-A.GONZALEZ, 14-O. VEGUE, 04-A.TOT, 16-M. MERA, 98-M. CAPDEVILA, 17-E.SOMAZA, 38,false
BERABERA vs GRANOLLERS, 00:37:51, 00:38:20, T2, GRANOLLERS, GOAL, OFFENSE_POSITIONAL, INFERIORITY-5vs6, 5:1, , 28, 28-J.CASTAÑERA, lb, 1, 01-A.DIVA, gk, RIGHT_6M, 3, 03-E. ARROJERIA, 01-A.DIVA, 13-L.HERNANDEZ, 42-C.POLONIO, 15-M. ECHEVERRIA, 18-E.KARSTEN, 22-J. LOIDI, 23-A.GONZALEZ, 14-O. VEGUE, 16-M. MERA, 98-M. CAPDEVILA, 17-E.SOMAZA, 28-J.CASTAÑERA, 39,false
BERABERA vs GRANOLLERS, 00:38:20, 00:38:27, T2, BERABERA, GOAL, COUNTER_GOAL, SUPERIORITY-6vs5, 6:0, , 13, 13-L.HERNANDEZ, lb, 16, 16-M. MERA, gk, LEFT_6M, 3, 03-E. ARROJERIA, 01-A.DIVA, 13-L.HERNANDEZ, 42-C.POLONIO, 15-M. ECHEVERRIA, 18-E.KARSTEN, 22-J. LOIDI, 23-A.GONZALEZ, 14-O. VEGUE, 16-M. MERA, 98-M. CAPDEVILA, 17-E.SOMAZA, 28-J.CASTAÑERA, 39,false
BERABERA vs GRANOLLERS, 00:38:27, 00:39:04, T2, GRANOLLERS, FOUL_RECEIVE, OFFENSE_POSITIONAL, EQUALITY, 5:1, , 28, 28-J.CASTAÑERA, lb, 13, 13-L.HERNANDEZ, lb, , , 03-E. ARROJERIA, 01-A.DIVA, 13-L.HERNANDEZ, 42-C.POLONIO, 15-M. ECHEVERRIA, 18-E.KARSTEN, 22-J. LOIDI, 23-A.GONZALEZ, 14-O. VEGUE, 16-M. MERA, 98-M. CAPDEVILA, 22-P.MILAGROS, 28-J.CASTAÑERA, 17-E.SOMAZA, 40,false
BERABERA vs GRANOLLERS, 00:39:04, 00:39:13, T2, GRANOLLERS, FOUL_RECEIVE, OFFENSE_POSITIONAL, EQUALITY, 5:1, , 17, 17-E.SOMAZA, lb, 3, 03-E. ARROJERIA, cb, , , 03-E. ARROJERIA, 01-A.DIVA, 13-L.HERNANDEZ, 42-C.POLONIO, 15-M. ECHEVERRIA, 18-E.KARSTEN, 22-J. LOIDI, 23-A.GONZALEZ, 14-O. VEGUE, 16-M. MERA, 98-M. CAPDEVILA, 22-P.MILAGROS, 28-J.CASTAÑERA, 17-E.SOMAZA, 40,false
BERABERA vs GRANOLLERS, 00:39:13, 00:39:23, T2, GRANOLLERS, POST_OUT, OFFENSE_POSITIONAL, EQUALITY, 5:1, , 28, 28-J.CASTAÑERA, lb, 1, 01-A.DIVA, gk, RIGHT_6M, 0, 03-E. ARROJERIA, 01-A.DIVA, 13-L.HERNANDEZ, 42-C.POLONIO, 15-M. ECHEVERRIA, 18-E.KARSTEN, 22-J. LOIDI, 23-A.GONZALEZ, 14-O. VEGUE, 16-M. MERA, 98-M. CAPDEVILA, 22-P.MILAGROS, 28-J.CASTAÑERA, 17-E.SOMAZA, 40,false
BERABERA vs GRANOLLERS, 00:39:23, 00:39:53, T2, BERABERA, FOUL_RECEIVE, OFFENSE_POSITIONAL, EQUALITY, 6:0, , 3, 03-E. ARROJERIA, cb, 17, 17-E.SOMAZA, lb, , , 03-E. ARROJERIA, 01-A.DIVA, 13-L.HERNANDEZ, 42-C.POLONIO, 15-M. ECHEVERRIA, 18-E.KARSTEN, 22-J. LOIDI, 23-A.GONZALEZ, 14-O. VEGUE, 16-M. MERA, 98-M. CAPDEVILA, 22-P.MILAGROS, 28-J.CASTAÑERA, 17-E.SOMAZA, 40,false
BERABERA vs GRANOLLERS, 00:39:53, 00:40:05, T2, BERABERA, LOST_BALL, OFFENSE_POSITIONAL, EQUALITY, 6:0, , 14, 14-M.CAVO, rb, , , , , , 03-E. ARROJERIA, 01-A.DIVA, 13-L.HERNANDEZ, 42-C.POLONIO, 15-M. ECHEVERRIA, 18-E.KARSTEN, 14-M.CAVO, 23-A.GONZALEZ, 14-O. VEGUE, 16-M. MERA, 98-M. CAPDEVILA, 22-P.MILAGROS, 28-J.CASTAÑERA, 17-E.SOMAZA, 40,false
BERABERA vs GRANOLLERS, 00:40:05, 00:40:15, T2, GRANOLLERS, GOAL, FAST_BREAK, EQUALITY, 5:1, , 23, 23-A.GONZALEZ, rw, 1, 01-A.DIVA, gk, LEFT_6M, 4, 03-E. ARROJERIA, 01-A.DIVA, 13-L.HERNANDEZ, 42-C.POLONIO, 15-M. ECHEVERRIA, 18-E.KARSTEN, 14-M.CAVO, 23-A.GONZALEZ, 14-O. VEGUE, 16-M. MERA, 98-M. CAPDEVILA, 22-P.MILAGROS, 28-J.CASTAÑERA, 17-E.SOMAZA, 41,false
BERABERA vs GRANOLLERS, 00:40:15, 00:40:22, T2, BERABERA, GOAL, COUNTER_GOAL, EQUALITY, 6:0, , 13, 13-L.HERNANDEZ, lb, 16, 16-M. MERA, gk, LEFT_6M, 9, 03-E. ARROJERIA, 01-A.DIVA, 13-L.HERNANDEZ, 42-C.POLONIO, 15-M. ECHEVERRIA, 18-E.KARSTEN, 14-M.CAVO, 23-A.GONZALEZ, 14-O. VEGUE, 16-M. MERA, 98-M. CAPDEVILA, 22-P.MILAGROS, 28-J.CASTAÑERA, 17-E.SOMAZA, 41,false
BERABERA vs GRANOLLERS, 00:40:22, 00:40:44, T2, GRANOLLERS, FOUL_RECEIVE, OFFENSE_POSITIONAL, EQUALITY, 5:1, , 9, 09-L.KOFLER, lp, 42, 42-C.POLONIO, lp, , , 03-E. ARROJERIA, 01-A.DIVA, 13-L.HERNANDEZ, 42-C.POLONIO, 15-M. ECHEVERRIA, 18-E.KARSTEN, 14-M.CAVO, 23-A.GONZALEZ, 14-O. VEGUE, 16-M. MERA, 98-M. CAPDEVILA, 22-P.MILAGROS, 17-E.SOMAZA, 09-L.KOFLER, 42,false
BERABERA vs GRANOLLERS, 00:40:44, 00:41:02, T2, GRANOLLERS, GOAL, OFFENSE_POSITIONAL, EQUALITY, 5:1, , 22, 22-P.MILAGROS, lb, 1, 01-A.DIVA, gk, RIGHT_6M, 4, 03-E. ARROJERIA, 01-A.DIVA, 13-L.HERNANDEZ, 42-C.POLONIO, 15-M. ECHEVERRIA, 18-E.KARSTEN, 22-J. LOIDI, 23-A.GONZALEZ, 14-O. VEGUE, 16-M. MERA, 98-M. CAPDEVILA, 22-P.MILAGROS, 17-E.SOMAZA, 09-L.KOFLER, 42,false
BERABERA vs GRANOLLERS, 00:41:02, 00:41:34, T2, BERABERA, LOST_BALL, OFFENSE_POSITIONAL, EQUALITY, 6:0, , 23, 23-P.ARCOS, lb, , , , , , 01-A.DIVA, 13-L.HERNANDEZ, 42-C.POLONIO, 15-M. ECHEVERRIA, 18-E.KARSTEN, 22-J. LOIDI, 23-P.ARCOS, 23-A.GONZALEZ, 14-O. VEGUE, 16-M. MERA, 98-M. CAPDEVILA, 22-P.MILAGROS, 17-E.SOMAZA, 09-L.KOFLER, 42,false
BERABERA vs GRANOLLERS, 00:41:34, 00:41:42, T2, GRANOLLERS, GOAL, FAST_BREAK, EQUALITY, 5:1, , 14, 14-O. VEGUE, rb, 1, 01-A.DIVA, gk, CENTER_6M, 1, 01-A.DIVA, 13-L.HERNANDEZ, 42-C.POLONIO, 15-M. ECHEVERRIA, 18-E.KARSTEN, 22-J. LOIDI, 23-P.ARCOS, 23-A.GONZALEZ, 14-O. VEGUE, 16-M. MERA, 98-M. CAPDEVILA, 22-P.MILAGROS, 17-E.SOMAZA, 09-L.KOFLER, 43,false
BERABERA vs GRANOLLERS, 00:41:42, 00:42:08, T2, BERABERA, GOAL, OFFENSE_POSITIONAL, EQUALITY, 6:0, , 14, 14-M.CAVO, rb, 16, 16-M. MERA, gk, RIGHT_6M, 1, 01-A.DIVA, 13-L.HERNANDEZ, 42-C.POLONIO, 15-M. ECHEVERRIA, 18-E.KARSTEN, 23-P.ARCOS, 14-M.CAVO, 23-A.GONZALEZ, 14-O. VEGUE, 16-M. MERA, 98-M. CAPDEVILA, 22-P.MILAGROS, 17-E.SOMAZA, 09-L.KOFLER, 43,false
BERABERA vs GRANOLLERS, 00:42:08, 00:42:19, T2, GRANOLLERS, GOAL, OFFENSE_POSITIONAL, EQUALITY, 5:1, , 9, 09-L.KOFLER, lp, 1, 01-A.DIVA, gk, RIGHT_6M, 3, 01-A.DIVA, 13-L.HERNANDEZ, 42-C.POLONIO, 15-M. ECHEVERRIA, 18-E.KARSTEN, 23-P.ARCOS, 14-M.CAVO, 23-A.GONZALEZ, 14-O. VEGUE, 16-M. MERA, 98-M. CAPDEVILA, 22-P.MILAGROS, 17-E.SOMAZA, 09-L.KOFLER, 44,false
BERABERA vs GRANOLLERS, 00:42:19, 00:42:50, T2, BERABERA, LOST_BALL, OFFENSE_POSITIONAL, EQUALITY, 6:0, , 14, 14-M.CAVO, rb, , , , , , 01-A.DIVA, 13-L.HERNANDEZ, 42-C.POLONIO, 15-M. ECHEVERRIA, 23-P.ARCOS, 14-M.CAVO, 04-M. FERNANDES, 23-A.GONZALEZ, 14-O. VEGUE, 16-M. MERA, 98-M. CAPDEVILA, 22-P.MILAGROS, 17-E.SOMAZA, 09-L.KOFLER, 44,false
BERABERA vs GRANOLLERS, 00:42:50, 00:43:25, T2, GRANOLLERS, SAVE, OFFENSE_POSITIONAL, EQUALITY, 5:1, , 9, 09-L.KOFLER, lp, 1, 01-A.DIVA, gk, RIGHT_6M, 2, 01-A.DIVA, 13-L.HERNANDEZ, 42-C.POLONIO, 15-M. ECHEVERRIA, 23-P.ARCOS, 04-M. FERNANDES, 22-J. LOIDI, 23-A.GONZALEZ, 14-O. VEGUE, 16-M. MERA, 98-M. CAPDEVILA, 22-P.MILAGROS, 17-E.SOMAZA, 09-L.KOFLER, 45,false
BERABERA vs GRANOLLERS, 00:43:25, 00:43:37, T2, BERABERA, FOUL_RECEIVE, OFFENSE_POSITIONAL, EQUALITY, 6:0, , 4, 04-M. FERNANDES, lb, 9, 09-L.KOFLER, lp, , , 01-A.DIVA, 13-L.HERNANDEZ, 42-C.POLONIO, 15-M. ECHEVERRIA, 23-P.ARCOS, 04-M. FERNANDES, 22-J. LOIDI, 23-A.GONZALEZ, 14-O. VEGUE, 16-M. MERA, 98-M. CAPDEVILA, 22-P.MILAGROS, 17-E.SOMAZA, 09-L.KOFLER, 45,false
BERABERA vs GRANOLLERS, 00:43:37, 00:43:54, T2, BERABERA, SAVE, OFFENSE_POSITIONAL, EQUALITY, 6:0, , 4, 04-M. FERNANDES, lb, 16, 16-M. MERA, gk, , 4, 01-A.DIVA, 13-L.HERNANDEZ, 42-C.POLONIO, 15-M. ECHEVERRIA, 23-P.ARCOS, 04-M. FERNANDES, 22-J. LOIDI, 23-A.GONZALEZ, 14-O. VEGUE, 16-M. MERA, 98-M. CAPDEVILA, 22-P.MILAGROS, 17-E.SOMAZA, 09-L.KOFLER, 45,false
BERABERA vs GRANOLLERS, 00:43:54, 00:44:06, T2, GRANOLLERS, SAVE, FAST_BREAK, EQUALITY, 5:1, , 34, 34-K.JALLOW, rb, 1, 01-A.DIVA, gk, CENTER_6M, 2, 01-A.DIVA, 13-L.HERNANDEZ, 42-C.POLONIO, 15-M. ECHEVERRIA, 23-P.ARCOS, 04-M. FERNANDES, 22-J. LOIDI, 23-A.GONZALEZ, 14-O. VEGUE, 16-M. MERA, 98-M. CAPDEVILA, 22-P.MILAGROS, 17-E.SOMAZA, 34-K.JALLOW, 46,false
BERABERA vs GRANOLLERS, 00:44:06, 00:44:32, T2, BERABERA, LOST_BALL, OFFENSE_POSITIONAL, EQUALITY, 6:0, , 6, 06-M.LOUIS, lw, , , , , , 01-A.DIVA, 15-M. ECHEVERRIA, 23-P.ARCOS, 04-M. FERNANDES, 06-M.LOUIS, 14-M.CAVO, 31-S.GAVILAN, 23-A.GONZALEZ, 14-O. VEGUE, 16-M. MERA, 98-M. CAPDEVILA, 22-P.MILAGROS, 17-E.SOMAZA, 34-K.JALLOW, 46,false
BERABERA vs GRANOLLERS, 00:44:32, 00:44:42, T2, GRANOLLERS, LOST_BALL, FAST_BREAK, EQUALITY, 5:1, , 23, 23-A.GONZALEZ, rw, , , , , , 01-A.DIVA, 15-M. ECHEVERRIA, 23-P.ARCOS, 04-M. FERNANDES, 06-M.LOUIS, 14-M.CAVO, 31-S.GAVILAN, 23-A.GONZALEZ, 14-O. VEGUE, 16-M. MERA, 98-M. CAPDEVILA, 22-P.MILAGROS, 17-E.SOMAZA, 34-K.JALLOW, 47,false
BERABERA vs GRANOLLERS, 00:44:42, 00:44:42, T2, BERABERA, 2_MIN, OFFENSE_POSITIONAL, EQUALITY, 6:0, , 4, 04-M. FERNANDES, lb, , , , , , 01-A.DIVA, 15-M. ECHEVERRIA, 23-P.ARCOS, 06-M.LOUIS, 14-M.CAVO, 31-S.GAVILAN, 23-A.GONZALEZ, 14-O. VEGUE, 16-M. MERA, 98-M. CAPDEVILA, 22-P.MILAGROS, 17-E.SOMAZA, 34-K.JALLOW, 46,false
BERABERA vs GRANOLLERS, 00:44:42, 00:44:50, T2, GRANOLLERS, SAVE, OFFENSE_POSITIONAL, SUPERIORITY-6vs5, 5:1, , 9, 09-L.KOFLER, lp, 1, 01-A.DIVA, gk, RIGHT_6M, 3, 01-A.DIVA, 15-M. ECHEVERRIA, 23-P.ARCOS, 06-M.LOUIS, 14-M.CAVO, 31-S.GAVILAN, 23-A.GONZALEZ, 14-O. VEGUE, 16-M. MERA, 98-M. CAPDEVILA, 22-P.MILAGROS, 34-K.JALLOW, 09-L.KOFLER, 47,false
BERABERA vs GRANOLLERS, 00:44:50, 00:45:31, T2, BERABERA, 7M_PROVOKE, OFFENSE_POSITIONAL, EQUALITY-5+1vs6, 6:0, , 23, 23-P.ARCOS, lb, 9, 09-L.KOFLER, lp, , , 15-M. ECHEVERRIA, 23-P.ARCOS, 06-M.LOUIS, 18-E.KARSTEN, 31-S.GAVILAN, 14-M.CAVO, 14-O. VEGUE, 16-M. MERA, 98-M. CAPDEVILA, 22-P.MILAGROS, 34-K.JALLOW, 09-L.KOFLER, 02-I. BEN CHAYHAB, 47,false
BERABERA vs GRANOLLERS, 00:45:31, 00:45:38, T2, BERABERA, GOAL, OFFENSE_POSITIONAL, INFERIORITY-5vs6, 6:0, , 23, 23-P.ARCOS, lb, 16, 16-M. MERA, gk, 7_METERS, 3, 15-M. ECHEVERRIA, 23-P.ARCOS, 06-M.LOUIS, 18-E.KARSTEN, 31-S.GAVILAN, 01-A.DIVA, 14-O. VEGUE, 16-M. MERA, 98-M. CAPDEVILA, 22-P.MILAGROS, 34-K.JALLOW, 09-L.KOFLER, 02-I. BEN CHAYHAB, 47,false
BERABERA vs GRANOLLERS, 00:45:38, 00:46:05, T2, GRANOLLERS, GOAL, OFFENSE_POSITIONAL, SUPERIORITY-6vs5, 5:1, , 22, 22-P.MILAGROS, lb, 1, 01-A.DIVA, gk, RIGHT_6M, 9, 15-M. ECHEVERRIA, 23-P.ARCOS, 06-M.LOUIS, 18-E.KARSTEN, 31-S.GAVILAN, 01-A.DIVA, 14-O. VEGUE, 16-M. MERA, 98-M. CAPDEVILA, 22-P.MILAGROS, 34-K.JALLOW, 09-L.KOFLER, 02-I. BEN CHAYHAB, 48,false
BERABERA vs GRANOLLERS, 00:46:05, 00:46:49, T2, BERABERA, POST_OUT, OFFENSE_POSITIONAL, EQUALITY, 6:0, , 14, 14-M.CAVO, rb, 16, 16-M. MERA, gk, RIGHT_6M, 0, 15-M. ECHEVERRIA, 23-P.ARCOS, 06-M.LOUIS, 18-E.KARSTEN, 31-S.GAVILAN, 01-A.DIVA, 14-M.CAVO, 16-M. MERA, 98-M. CAPDEVILA, 22-P.MILAGROS, 09-L.KOFLER, 02-I. BEN CHAYHAB, 14-O. VEGUE, 06-O.VILA, 48,false
BERABERA vs GRANOLLERS, 00:46:49, 00:46:54, T2, GRANOLLERS, GOAL, FAST_BREAK, EQUALITY, 5:1, , 2, 02-I. BEN CHAYHAB, rw, 1, 01-A.DIVA, gk, RIGHT_6M, 9, 15-M. ECHEVERRIA, 23-P.ARCOS, 06-M.LOUIS, 18-E.KARSTEN, 31-S.GAVILAN, 01-A.DIVA, 14-M.CAVO, 16-M. MERA, 98-M. CAPDEVILA, 22-P.MILAGROS, 09-L.KOFLER, 02-I. BEN CHAYHAB, 14-O. VEGUE, 06-O.VILA, 49,false
BERABERA vs GRANOLLERS, 00:46:54, 00:47:14, T2, BERABERA, POST_OUT, OFFENSE_POSITIONAL, EQUALITY, 6:0, , 14, 14-M.CAVO, rb, 16, 16-M. MERA, gk, RIGHT_6M, 0, 15-M. ECHEVERRIA, 23-P.ARCOS, 06-M.LOUIS, 14-M.CAVO, 31-S.GAVILAN, 01-A.DIVA, 18-E.KARSTEN, 16-M. MERA, 98-M. CAPDEVILA, 22-P.MILAGROS, 09-L.KOFLER, 02-I. BEN CHAYHAB, 14-O. VEGUE, 06-O.VILA, 49,false
BERABERA vs GRANOLLERS, 00:47:14, 00:47:26, T2, GRANOLLERS, FOUL_RECEIVE, OFFENSE_POSITIONAL, EQUALITY, 5:1, , 9, 09-L.KOFLER, lp, 31, 31-S.GAVILAN, lp, , , 15-M. ECHEVERRIA, 23-P.ARCOS, 06-M.LOUIS, 14-M.CAVO, 31-S.GAVILAN, 01-A.DIVA, 18-E.KARSTEN, 16-M. MERA, 98-M. CAPDEVILA, 22-P.MILAGROS, 09-L.KOFLER, 02-I. BEN CHAYHAB, 14-O. VEGUE, 06-O.VILA, 50,false
BERABERA vs GRANOLLERS, 00:47:26, 00:48:17, T2, GRANOLLERS, GOAL, OFFENSE_POSITIONAL, EQUALITY, 5:1, , 98, 98-M. CAPDEVILA, cb, 1, 01-A.DIVA, gk, CENTER_9M, 3, 15-M. ECHEVERRIA, 23-P.ARCOS, 06-M.LOUIS, 14-M.CAVO, 31-S.GAVILAN, 01-A.DIVA, 18-E.KARSTEN, 16-M. MERA, 98-M. CAPDEVILA, 22-P.MILAGROS, 09-L.KOFLER, 02-I. BEN CHAYHAB, 14-O. VEGUE, 06-O.VILA, 50,false
BERABERA vs GRANOLLERS, 00:48:17, 00:48:27, T2, BERABERA, GOAL, COUNTER_GOAL, EQUALITY, 6:0, , 6, 06-M.LOUIS, lw, 16, 16-M. MERA, gk, LEFT_6M, 3, 15-M. ECHEVERRIA, 23-P.ARCOS, 06-M.LOUIS, 14-M.CAVO, 31-S.GAVILAN, 01-A.DIVA, 18-E.KARSTEN, 16-M. MERA, 98-M. CAPDEVILA, 22-P.MILAGROS, 09-L.KOFLER, 02-I. BEN CHAYHAB, 14-O. VEGUE, 06-O.VILA, 50,false
BERABERA vs GRANOLLERS, 00:48:27, 00:49:05, T2, GRANOLLERS, SAVE, OFFENSE_POSITIONAL, EQUALITY, 6:0, , 9, 09-L.KOFLER, lp, 1, 01-A.DIVA, gk, RIGHT_6M, 6, 15-M. ECHEVERRIA, 23-P.ARCOS, 06-M.LOUIS, 14-M.CAVO, 31-S.GAVILAN, 01-A.DIVA, 18-E.KARSTEN, 16-M. MERA, 98-M. CAPDEVILA, 22-P.MILAGROS, 09-L.KOFLER, 02-I. BEN CHAYHAB, 14-O. VEGUE, 06-O.VILA, 51,false
BERABERA vs GRANOLLERS, 00:49:05, 00:49:15, T2, BERABERA, POST_OUT, COUNTER_GOAL, EQUALITY, 6:0, , 6, 06-M.LOUIS, lw, 16, 16-M. MERA, gk, CENTER_6M, 0, 15-M. ECHEVERRIA, 23-P.ARCOS, 06-M.LOUIS, 14-M.CAVO, 31-S.GAVILAN, 01-A.DIVA, 18-E.KARSTEN, 16-M. MERA, 98-M. CAPDEVILA, 22-P.MILAGROS, 09-L.KOFLER, 02-I. BEN CHAYHAB, 14-O. VEGUE, 06-O.VILA, 51,false
BERABERA vs GRANOLLERS, 00:49:15, 00:49:57, T2, GRANOLLERS, FOUL_RECEIVE, OFFENSE_POSITIONAL, EQUALITY, 6:0, , 22, 22-P.MILAGROS, lb, 31, 31-S.GAVILAN, lp, , , 15-M. ECHEVERRIA, 23-P.ARCOS, 06-M.LOUIS, 14-M.CAVO, 31-S.GAVILAN, 01-A.DIVA, 18-E.KARSTEN, 16-M. MERA, 98-M. CAPDEVILA, 22-P.MILAGROS, 09-L.KOFLER, 02-I. BEN CHAYHAB, 14-O. VEGUE, 06-O.VILA, 52,false
BERABERA vs GRANOLLERS, 00:49:57, 00:50:10, T2, GRANOLLERS, LOST_BALL, OFFENSE_POSITIONAL, EQUALITY, 6:0, , 22, 22-P.MILAGROS, lb, , , , , , 15-M. ECHEVERRIA, 23-P.ARCOS, 06-M.LOUIS, 14-M.CAVO, 31-S.GAVILAN, 01-A.DIVA, 18-E.KARSTEN, 16-M. MERA, 98-M. CAPDEVILA, 22-P.MILAGROS, 09-L.KOFLER, 02-I. BEN CHAYHAB, 14-O. VEGUE, 06-O.VILA, 52,false
BERABERA vs GRANOLLERS, 00:50:10, 00:50:40, T2, BERABERA, 7M_PROVOKE, OFFENSE_POSITIONAL, EQUALITY, 6:0, , 14, 14-M.CAVO, rb, 22, 22-P.MILAGROS, lb, , , 15-M. ECHEVERRIA, 23-P.ARCOS, 06-M.LOUIS, 14-M.CAVO, 31-S.GAVILAN, 01-A.DIVA, 18-E.KARSTEN, 16-M. MERA, 98-M. CAPDEVILA, 22-P.MILAGROS, 09-L.KOFLER, 02-I. BEN CHAYHAB, 14-O. VEGUE, 06-O.VILA, 52,false
BERABERA vs GRANOLLERS, 00:50:40, 00:51:00, T2, BERABERA, GOAL, OFFENSE_POSITIONAL, EQUALITY, 6:0, , 23, 23-P.ARCOS, lb, 1, 01-N. WIGGINS, gk, 7_METERS, 3, 15-M. ECHEVERRIA, 23-P.ARCOS, 06-M.LOUIS, 14-M.CAVO, 31-S.GAVILAN, 01-A.DIVA, 18-E.KARSTEN, 98-M. CAPDEVILA, 22-P.MILAGROS, 09-L.KOFLER, 02-I. BEN CHAYHAB, 14-O. VEGUE, 06-O.VILA, 01-N. WIGGINS, 52,false
BERABERA vs GRANOLLERS, 00:51:00, 00:51:30, T2, GRANOLLERS, FOUL_RECEIVE, OFFENSE_POSITIONAL, EQUALITY, 6:0, , 98, 98-M. CAPDEVILA, cb, 22, 22-J. LOIDI, lb, , , 15-M. ECHEVERRIA, 23-P.ARCOS, 06-M.LOUIS, 31-S.GAVILAN, 01-A.DIVA, 18-E.KARSTEN, 22-J. LOIDI, 98-M. CAPDEVILA, 22-P.MILAGROS, 09-L.KOFLER, 02-I. BEN CHAYHAB, 14-O. VEGUE, 01-N. WIGGINS, 17-E.SOMAZA, 53,false
BERABERA vs GRANOLLERS, 00:51:30, 00:51:43, T2, GRANOLLERS, LOST_BALL, OFFENSE_POSITIONAL, EQUALITY, 6:0, , 98, 98-M. CAPDEVILA, cb, , , , , , 15-M. ECHEVERRIA, 23-P.ARCOS, 06-M.LOUIS, 31-S.GAVILAN, 01-A.DIVA, 18-E.KARSTEN, 22-J. LOIDI, 98-M. CAPDEVILA, 22-P.MILAGROS, 09-L.KOFLER, 02-I. BEN CHAYHAB, 14-O. VEGUE, 01-N. WIGGINS, 17-E.SOMAZA, 53,false
BERABERA vs GRANOLLERS, 00:51:43, 00:52:14, T2, BERABERA, GOAL, OFFENSE_POSITIONAL, EQUALITY, 6:0, , 31, 31-S.GAVILAN, lp, 1, 01-N. WIGGINS, gk, RIGHT_6M, 9, 15-M. ECHEVERRIA, 23-P.ARCOS, 06-M.LOUIS, 31-S.GAVILAN, 01-A.DIVA, 18-E.KARSTEN, 03-E. ARROJERIA, 98-M. CAPDEVILA, 22-P.MILAGROS, 09-L.KOFLER, 02-I. BEN CHAYHAB, 14-O. VEGUE, 01-N. WIGGINS, 17-E.SOMAZA, 53,false
BERABERA vs GRANOLLERS, 00:52:14, 00:52:19, T2, GRANOLLERS, SAVE, COUNTER_GOAL, EQUALITY, 6:0, , 9, 09-L.KOFLER, lp, 1, 01-A.DIVA, gk, RIGHT_6M, 6, 15-M. ECHEVERRIA, 23-P.ARCOS, 06-M.LOUIS, 31-S.GAVILAN, 01-A.DIVA, 18-E.KARSTEN, 03-E. ARROJERIA, 98-M. CAPDEVILA, 22-P.MILAGROS, 09-L.KOFLER, 02-I. BEN CHAYHAB, 14-O. VEGUE, 01-N. WIGGINS, 17-E.SOMAZA, 54,false
BERABERA vs GRANOLLERS, 00:52:19, 00:53:03, T2, BERABERA, FOUL_RECEIVE, OFFENSE_POSITIONAL, EQUALITY, 6:0, , 18, 18-E.KARSTEN, rb, 9, 09-L.KOFLER, lp, , , 15-M. ECHEVERRIA, 23-P.ARCOS, 06-M.LOUIS, 31-S.GAVILAN, 01-A.DIVA, 18-E.KARSTEN, 03-E. ARROJERIA, 98-M. CAPDEVILA, 22-P.MILAGROS, 09-L.KOFLER, 02-I. BEN CHAYHAB, 14-O. VEGUE, 01-N. WIGGINS, 17-E.SOMAZA, 54,false
BERABERA vs GRANOLLERS, 00:53:03, 00:53:17, T2, BERABERA, POST_OUT, OFFENSE_POSITIONAL, EQUALITY, 6:0, , 23, 23-P.ARCOS, lb, 1, 01-N. WIGGINS, gk, LEFT_9M, 0, 15-M. ECHEVERRIA, 23-P.ARCOS, 06-M.LOUIS, 31-S.GAVILAN, 01-A.DIVA, 18-E.KARSTEN, 03-E. ARROJERIA, 98-M. CAPDEVILA, 22-P.MILAGROS, 09-L.KOFLER, 02-I. BEN CHAYHAB, 14-O. VEGUE, 01-N. WIGGINS, 17-E.SOMAZA, 54,false
BERABERA vs GRANOLLERS, 00:53:17, 00:53:26, T2, GRANOLLERS, LOST_BALL, FAST_BREAK, EQUALITY, 6:0, , 98, 98-M. CAPDEVILA, cb, , , , , , 15-M. ECHEVERRIA, 23-P.ARCOS, 06-M.LOUIS, 31-S.GAVILAN, 01-A.DIVA, 18-E.KARSTEN, 03-E. ARROJERIA, 98-M. CAPDEVILA, 22-P.MILAGROS, 09-L.KOFLER, 02-I. BEN CHAYHAB, 14-O. VEGUE, 01-N. WIGGINS, 17-E.SOMAZA, 55,false
BERABERA vs GRANOLLERS, 00:53:26, 00:53:55, T2, BERABERA, LOST_BALL, OFFENSE_POSITIONAL, EQUALITY, 6:0, , 18, 18-E.KARSTEN, rb, , , , , , 15-M. ECHEVERRIA, 23-P.ARCOS, 06-M.LOUIS, 31-S.GAVILAN, 01-A.DIVA, 18-E.KARSTEN, 03-E. ARROJERIA, 98-M. CAPDEVILA, 22-P.MILAGROS, 09-L.KOFLER, 02-I. BEN CHAYHAB, 14-O. VEGUE, 01-N. WIGGINS, 17-E.SOMAZA, 55,false
BERABERA vs GRANOLLERS, 00:53:55, 00:54:01, T2, GRANOLLERS, GOAL, FAST_BREAK, EQUALITY, 6:0, , 14, 14-O. VEGUE, rb, 1, 01-A.DIVA, gk, LEFT_6M, 9, 15-M. ECHEVERRIA, 23-P.ARCOS, 06-M.LOUIS, 31-S.GAVILAN, 01-A.DIVA, 18-E.KARSTEN, 03-E. ARROJERIA, 98-M. CAPDEVILA, 22-P.MILAGROS, 09-L.KOFLER, 02-I. BEN CHAYHAB, 14-O. VEGUE, 01-N. WIGGINS, 17-E.SOMAZA, 56,false
BERABERA vs GRANOLLERS, 00:54:01, 00:54:33, T2, BERABERA, SAVE, OFFENSE_POSITIONAL, EQUALITY, 6:0, , 18, 18-E.KARSTEN, rb, 1, 01-N. WIGGINS, gk, LEFT_6M, 4, 15-M. ECHEVERRIA, 23-P.ARCOS, 06-M.LOUIS, 31-S.GAVILAN, 01-A.DIVA, 18-E.KARSTEN, 03-E. ARROJERIA, 98-M. CAPDEVILA, 22-P.MILAGROS, 09-L.KOFLER, 02-I. BEN CHAYHAB, 14-O. VEGUE, 01-N. WIGGINS, 17-E.SOMAZA, 56,false
BERABERA vs GRANOLLERS, 00:54:33, 00:55:03, T2, GRANOLLERS, SAVE, OFFENSE_POSITIONAL, EQUALITY, 6:0, , 17, 17-E.SOMAZA, lb, 1, 01-A.DIVA, gk, LEFT_6M, 4, 15-M. ECHEVERRIA, 23-P.ARCOS, 06-M.LOUIS, 31-S.GAVILAN, 01-A.DIVA, 18-E.KARSTEN, 03-E. ARROJERIA, 98-M. CAPDEVILA, 22-P.MILAGROS, 09-L.KOFLER, 02-I. BEN CHAYHAB, 14-O. VEGUE, 01-N. WIGGINS, 17-E.SOMAZA, 57,false
BERABERA vs GRANOLLERS, 00:55:03, 00:55:40, T2, BERABERA, FOUL_RECEIVE, OFFENSE_POSITIONAL, EQUALITY, 6:0, , 31, 31-S.GAVILAN, lp, 14, 14-O. VEGUE, rb, , , 15-M. ECHEVERRIA, 23-P.ARCOS, 06-M.LOUIS, 31-S.GAVILAN, 01-A.DIVA, 03-E. ARROJERIA, 04-M. FERNANDES, 98-M. CAPDEVILA, 22-P.MILAGROS, 09-L.KOFLER, 02-I. BEN CHAYHAB, 14-O. VEGUE, 01-N. WIGGINS, 17-E.SOMAZA, 57,false
BERABERA vs GRANOLLERS, 00:55:40, 00:56:05, T2, BERABERA, 7M_PROVOKE_SUSPENSION, OFFENSE_POSITIONAL, EQUALITY, 6:0, , 31, 31-S.GAVILAN, lp, 14, 14-O. VEGUE, rb, , , 15-M. ECHEVERRIA, 23-P.ARCOS, 06-M.LOUIS, 31-S.GAVILAN, 01-A.DIVA, 03-E. ARROJERIA, 04-M. FERNANDES, 98-M. CAPDEVILA, 22-P.MILAGROS, 09-L.KOFLER, 02-I. BEN CHAYHAB, 01-N. WIGGINS, 17-E.SOMAZA, 57,false
BERABERA vs GRANOLLERS, 00:56:05, 00:56:05, T2, GRANOLLERS, 2_MIN, OFFENSE_POSITIONAL, EQUALITY, 6:0, , 14, 14-O. VEGUE, rb, , , , , , 15-M. ECHEVERRIA, 23-P.ARCOS, 06-M.LOUIS, 31-S.GAVILAN, 01-A.DIVA, 03-E. ARROJERIA, 04-M. FERNANDES, 98-M. CAPDEVILA, 22-P.MILAGROS, 09-L.KOFLER, 02-I. BEN CHAYHAB, 01-N. WIGGINS, 17-E.SOMAZA, 57,false
BERABERA vs GRANOLLERS, 00:56:05, 00:56:05, T2, BERABERA, GOAL, OFFENSE_POSITIONAL, SUPERIORITY-6vs5, 6:0, , 23, 23-P.ARCOS, lb, 1, 01-N. WIGGINS, gk, 7_METERS, 3, 15-M. ECHEVERRIA, 23-P.ARCOS, 06-M.LOUIS, 31-S.GAVILAN, 01-A.DIVA, 03-E. ARROJERIA, 04-M. FERNANDES, 98-M. CAPDEVILA, 22-P.MILAGROS, 09-L.KOFLER, 02-I. BEN CHAYHAB, 01-N. WIGGINS, 17-E.SOMAZA, 57,false
BERABERA vs GRANOLLERS, 00:56:05, 00:56:12, T2, GRANOLLERS, 2_MIN, OFFENSE_POSITIONAL, EQUALITY, 6:0, , 28, 28-J.CASTAÑERA, lb, , , , , , 15-M. ECHEVERRIA, 23-P.ARCOS, 06-M.LOUIS, 31-S.GAVILAN, 01-A.DIVA, 03-E. ARROJERIA, 04-M. FERNANDES, 98-M. CAPDEVILA, 09-L.KOFLER, 02-I. BEN CHAYHAB, 01-N. WIGGINS, 17-E.SOMAZA, 14-O. VEGUE, 57,false
BERABERA vs GRANOLLERS, 00:56:12, 00:56:34, T2, GRANOLLERS, LOST_BALL, OFFENSE_POSITIONAL, INFERIORITY-5vs6, 6:0, , 98, 98-M. CAPDEVILA, cb, , , , , , 06-M.LOUIS, 31-S.GAVILAN, 01-A.DIVA, 03-E. ARROJERIA, 04-M. FERNANDES, 08-A. MENENDEZ, 25-A.ERAUSKIN, 98-M. CAPDEVILA, 09-L.KOFLER, 02-I. BEN CHAYHAB, 01-N. WIGGINS, 14-O. VEGUE, 13-M.BRASIL, 58,false
BERABERA vs GRANOLLERS, 00:56:34, 00:56:39, T2, BERABERA, GOAL, FAST_BREAK, SUPERIORITY-6vs5, 6:0, , 4, 04-M. FERNANDES, lb, 1, 01-N. WIGGINS, gk, LEFT_6M, 3, 06-M.LOUIS, 31-S.GAVILAN, 01-A.DIVA, 03-E. ARROJERIA, 04-M. FERNANDES, 08-A. MENENDEZ, 25-A.ERAUSKIN, 98-M. CAPDEVILA, 09-L.KOFLER, 02-I. BEN CHAYHAB, 01-N. WIGGINS, 14-O. VEGUE, 13-M.BRASIL, 58,false
BERABERA vs GRANOLLERS, 00:56:39, 00:56:52, T2, GRANOLLERS, SAVE, OFFENSE_POSITIONAL, INFERIORITY-5vs6, 6:0, , 13, 13-M.BRASIL, lb, 1, 01-A.DIVA, gk, CENTER_6M, 2, 06-M.LOUIS, 31-S.GAVILAN, 01-A.DIVA, 03-E. ARROJERIA, 04-M. FERNANDES, 08-A. MENENDEZ, 25-A.ERAUSKIN, 98-M. CAPDEVILA, 09-L.KOFLER, 02-I. BEN CHAYHAB, 01-N. WIGGINS, 14-O. VEGUE, 13-M.BRASIL, 59,false
BERABERA vs GRANOLLERS, 00:56:52, 00:57:24, T2, BERABERA, GOAL, OFFENSE_POSITIONAL, SUPERIORITY-6vs5, 6:0, , 4, 04-M. FERNANDES, lb, 1, 01-N. WIGGINS, gk, CENTER_9M, 7, 06-M.LOUIS, 31-S.GAVILAN, 01-A.DIVA, 03-E. ARROJERIA, 04-M. FERNANDES, 25-A.ERAUSKIN, 09-E. BOADA, 98-M. CAPDEVILA, 09-L.KOFLER, 02-I. BEN CHAYHAB, 01-N. WIGGINS, 14-O. VEGUE, 13-M.BRASIL, 59,false
BERABERA vs GRANOLLERS, 00:57:24, 00:57:58, T2, GRANOLLERS, GOAL, OFFENSE_POSITIONAL, INFERIORITY-5vs6, 6:0, , 14, 14-O. VEGUE, rb, 1, 01-A.DIVA, gk, LEFT_WING, 7, 06-M.LOUIS, 31-S.GAVILAN, 01-A.DIVA, 03-E. ARROJERIA, 04-M. FERNANDES, 25-A.ERAUSKIN, 08-A. MENENDEZ, 98-M. CAPDEVILA, 09-L.KOFLER, 02-I. BEN CHAYHAB, 01-N. WIGGINS, 14-O. VEGUE, 13-M.BRASIL, 60,false
BERABERA vs GRANOLLERS, 00:57:58, 00:58:26, T2, BERABERA, FOUL_RECEIVE, OFFENSE_POSITIONAL, EQUALITY, 6:0, , 9, 09-E. BOADA, cb, 9, 09-L.KOFLER, lp, , , 06-M.LOUIS, 31-S.GAVILAN, 01-A.DIVA, 03-E. ARROJERIA, 04-M. FERNANDES, 25-A.ERAUSKIN, 09-E. BOADA, 98-M. CAPDEVILA, 09-L.KOFLER, 02-I. BEN CHAYHAB, 01-N. WIGGINS, 14-O. VEGUE, 13-M.BRASIL, 04-A.TOT, 60,false
BERABERA vs GRANOLLERS, 00:58:26, 00:58:26, T2, BERABERA, LOST_BALL, OFFENSE_POSITIONAL, EQUALITY, 6:0, , 3, 03-E. ARROJERIA, cb, , , , , , 06-M.LOUIS, 31-S.GAVILAN, 01-A.DIVA, 03-E. ARROJERIA, 04-M. FERNANDES, 25-A.ERAUSKIN, 09-E. BOADA, 98-M. CAPDEVILA, 09-L.KOFLER, 02-I. BEN CHAYHAB, 01-N. WIGGINS, 14-O. VEGUE, 13-M.BRASIL, 04-A.TOT, 60,false
BERABERA vs GRANOLLERS, 00:58:26, 00:58:26, T2, GRANOLLERS, GOAL, OFFENSE_POSITIONAL, EQUALITY, 6:0, , 2, 02-I. BEN CHAYHAB, rw, 1, 01-A.DIVA, gk, RIGHT_WING, 9, 06-M.LOUIS, 31-S.GAVILAN, 01-A.DIVA, 03-E. ARROJERIA, 04-M. FERNANDES, 25-A.ERAUSKIN, 09-E. BOADA, 98-M. CAPDEVILA, 09-L.KOFLER, 02-I. BEN CHAYHAB, 01-N. WIGGINS, 14-O. VEGUE, 13-M.BRASIL, 04-A.TOT, 61,false
BERABERA vs GRANOLLERS, 00:58:26, 00:58:46, T2, BERABERA, LOST_BALL, OFFENSE_POSITIONAL, EQUALITY, 6:0, , 31, 31-S.GAVILAN, lp, , , , , , 06-M.LOUIS, 31-S.GAVILAN, 01-A.DIVA, 03-E. ARROJERIA, 04-M. FERNANDES, 25-A.ERAUSKIN, 09-E. BOADA, 98-M. CAPDEVILA, 09-L.KOFLER, 02-I. BEN CHAYHAB, 01-N. WIGGINS, 14-O. VEGUE, 13-M.BRASIL, 04-A.TOT, 61,false
BERABERA vs GRANOLLERS, 00:58:46, 00:58:56, T2, GRANOLLERS, 7M_PROVOKE, OFFENSE_POSITIONAL, EQUALITY, 6:0, , 9, 09-L.KOFLER, lp, 4, 04-M. FERNANDES, lb, , , 06-M.LOUIS, 31-S.GAVILAN, 01-A.DIVA, 03-E. ARROJERIA, 04-M. FERNANDES, 25-A.ERAUSKIN, 09-E. BOADA, 98-M. CAPDEVILA, 09-L.KOFLER, 02-I. BEN CHAYHAB, 01-N. WIGGINS, 14-O. VEGUE, 13-M.BRASIL, 04-A.TOT, 62,false
BERABERA vs GRANOLLERS, 00:58:56, 00:59:11, T2, GRANOLLERS, GOAL, OFFENSE_POSITIONAL, EQUALITY, 6:0, , 98, 98-M. CAPDEVILA, cb, 1, 01-A.DIVA, gk, 7_METERS, 9, 06-M.LOUIS, 31-S.GAVILAN, 01-A.DIVA, 03-E. ARROJERIA, 04-M. FERNANDES, 25-A.ERAUSKIN, 09-E. BOADA, 98-M. CAPDEVILA, 09-L.KOFLER, 02-I. BEN CHAYHAB, 01-N. WIGGINS, 14-O. VEGUE, 13-M.BRASIL, 04-A.TOT, 62,false
BERABERA vs GRANOLLERS, 00:59:11, 00:59:43, T2, BERABERA, GOAL, OFFENSE_POSITIONAL, EQUALITY, 6:0, , 4, 04-M. FERNANDES, lb, 1, 01-N. WIGGINS, gk, LEFT_6M, 7, 06-M.LOUIS, 31-S.GAVILAN, 01-A.DIVA, 03-E. ARROJERIA, 04-M. FERNANDES, 25-A.ERAUSKIN, 09-E. BOADA, 98-M. CAPDEVILA, 09-L.KOFLER, 02-I. BEN CHAYHAB, 01-N. WIGGINS, 14-O. VEGUE, 13-M.BRASIL, 04-A.TOT, 62,false
BERABERA vs GRANOLLERS, 00:59:43, 00:59:46, T2, BERABERA, SECOND_HALF_END, OFFENSE_POSITIONAL, EQUALITY, 6:0, , , , , , , , , , 06-M.LOUIS, 31-S.GAVILAN, 01-A.DIVA, 03-E. ARROJERIA, 04-M. FERNANDES, 25-A.ERAUSKIN, 09-E. BOADA, 98-M. CAPDEVILA, 09-L.KOFLER, 02-I. BEN CHAYHAB, 01-N. WIGGINS, 14-O. VEGUE, 13-M.BRASIL, 04-A.TOT, 62,false
